{
  "$schema": "https://raw.githubusercontent.com/spdx/spdx-spec/v2.2.1/schemas/spdx-schema.json",
  "spdxVersion": "SPDX-2.2",
  "dataLicense": "CC0-1.0",
  "SPDXID": "SPDXRef-DOCUMENT",
  "documentNamespace": "https://spdx.org/spdxdocs/libmount-x64-linux-2.40-88fd5837-49c2-4a82-ae42-58766d45d2be",
  "name": "libmount:x64-linux@2.40 ac38913e0802ab43b62182c552c3cb0de3d0d7479cb1b1a529c8439cb4d79748",
  "creationInfo": {
    "creators": [
      "Tool: vcpkg-2024-10-18-e392d7347fe72dff56e7857f7571c22301237ae6"
    ],
    "created": "2024-10-25T06:17:50Z"
  },
  "relationships": [
    {
      "spdxElementId": "SPDXRef-port",
      "relationshipType": "GENERATES",
      "relatedSpdxElement": "SPDXRef-binary"
    },
    {
      "spdxElementId": "SPDXRef-port",
      "relationshipType": "CONTAINS",
      "relatedSpdxElement": "SPDXRef-file-0"
    },
    {
      "spdxElementId": "SPDXRef-port",
      "relationshipType": "CONTAINS",
      "relatedSpdxElement": "SPDXRef-file-1"
    },
    {
      "spdxElementId": "SPDXRef-port",
      "relationshipType": "CONTAINS",
      "relatedSpdxElement": "SPDXRef-file-2"
    },
    {
      "spdxElementId": "SPDXRef-binary",
      "relationshipType": "GENERATED_FROM",
      "relatedSpdxElement": "SPDXRef-port"
    },
    {
      "spdxElementId": "SPDXRef-file-0",
      "relationshipType": "CONTAINED_BY",
      "relatedSpdxElement": "SPDXRef-port"
    },
    {
      "spdxElementId": "SPDXRef-file-1",
      "relationshipType": "CONTAINED_BY",
      "relatedSpdxElement": "SPDXRef-port"
    },
    {
      "spdxElementId": "SPDXRef-file-2",
      "relationshipType": "CONTAINED_BY",
      "relatedSpdxElement": "SPDXRef-port"
    }
  ],
  "packages": [
    {
      "name": "libmount",
      "SPDXID": "SPDXRef-port",
      "versionInfo": "2.40",
      "downloadLocation": "git+https://github.com/microsoft/vcpkg@e78ea57cae347c42d9b7cdc4d65c521f229e0ed4",
      "homepage": "https://git.kernel.org/pub/scm/utils/util-linux/util-linux.git/about/",
      "licenseConcluded": "NOASSERTION",
      "licenseDeclared": "NOASSERTION",
      "copyrightText": "NOASSERTION",
      "description": "Block device identification library from util-linux",
      "comment": "This is the port (recipe) consumed by vcpkg."
    },
    {
      "name": "libmount:x64-linux",
      "SPDXID": "SPDXRef-binary",
      "versionInfo": "ac38913e0802ab43b62182c552c3cb0de3d0d7479cb1b1a529c8439cb4d79748",
      "downloadLocation": "NONE",
      "licenseConcluded": "NOASSERTION",
      "licenseDeclared": "NOASSERTION",
      "copyrightText": "NOASSERTION",
      "comment": "This is a binary package built by vcpkg."
    },
    {
      "SPDXID": "SPDXRef-resource-1",
      "name": "util-linux-${VERSION}.tar.xz",
      "packageFileName": "util-linux-${VERSION}.tar.xz",
      "downloadLocation": "https://mirrors.edge.kernel.org/pub/linux/utils/util-linux/v${VERSION}/util-linux-${VERSION}.tar.xz",
      "licenseConcluded": "NOASSERTION",
      "licenseDeclared": "NOASSERTION",
      "copyrightText": "NOASSERTION",
      "checksums": [
        {
          "algorithm": "SHA512",
          "checksumValue": "f06e61d4ee0e196223f7341ec75a16a6671f82d6e353823490ecff17e947bb169a6b65177e3ab0da6e733e079b24d6a77905a0e8bbfed82ca9aa22a3facb6180"
        }
      ]
    }
  ],
  "files": [
    {
      "fileName": ".//home/thomas/.cache/vcpkg/registries/git-trees/e78ea57cae347c42d9b7cdc4d65c521f229e0ed4/portfile.cmake",
      "SPDXID": "SPDXRef-file-0",
      "checksums": [
        {
          "algorithm": "SHA256",
          "checksumValue": "a0c3bf7c17bee8dad668f1188e786f2e66aca6eb7024fb8a9cac548fa9d72d4a"
        }
      ],
      "licenseConcluded": "NOASSERTION",
      "copyrightText": "NOASSERTION"
    },
    {
      "fileName": ".//home/thomas/.cache/vcpkg/registries/git-trees/e78ea57cae347c42d9b7cdc4d65c521f229e0ed4/hide-private-symbols.diff",
      "SPDXID": "SPDXRef-file-1",
      "checksums": [
        {
          "algorithm": "SHA256",
          "checksumValue": "ecaa993163ab9568a289b799a8958003fca1020bf4a6f1e806990366083171b1"
        }
      ],
      "licenseConcluded": "NOASSERTION",
      "copyrightText": "NOASSERTION"
    },
    {
      "fileName": ".//home/thomas/.cache/vcpkg/registries/git-trees/e78ea57cae347c42d9b7cdc4d65c521f229e0ed4/vcpkg.json",
      "SPDXID": "SPDXRef-file-2",
      "checksums": [
        {
          "algorithm": "SHA256",
          "checksumValue": "6ba53ba792a5058161a601495badc9a13406f984ddd873cc36aa601dbff597e3"
        }
      ],
      "licenseConcluded": "NOASSERTION",
      "copyrightText": "NOASSERTION"
    }
  ]
}
