{
  "$schema": "https://raw.githubusercontent.com/spdx/spdx-spec/v2.2.1/schemas/spdx-schema.json",
  "spdxVersion": "SPDX-2.2",
  "dataLicense": "CC0-1.0",
  "SPDXID": "SPDXRef-DOCUMENT",
  "documentNamespace": "https://spdx.org/spdxdocs/lz4-x64-linux-1.10.0-c97b83cb-99d7-4924-a957-604e39ed6d03",
  "name": "lz4:x64-linux@1.10.0 c238ad72efc3dd4a44271d3995194047bf24addcd1c05de38410fb1556979746",
  "creationInfo": {
    "creators": [
      "Tool: vcpkg-2024-10-18-e392d7347fe72dff56e7857f7571c22301237ae6"
    ],
    "created": "2024-10-25T06:14:28Z"
  },
  "relationships": [
    {
      "spdxElementId": "SPDXRef-port",
      "relationshipType": "GENERATES",
      "relatedSpdxElement": "SPDXRef-binary"
    },
    {
      "spdxElementId": "SPDXRef-port",
      "relationshipType": "CONTAINS",
      "relatedSpdxElement": "SPDXRef-file-0"
    },
    {
      "spdxElementId": "SPDXRef-port",
      "relationshipType": "CONTAINS",
      "relatedSpdxElement": "SPDXRef-file-1"
    },
    {
      "spdxElementId": "SPDXRef-port",
      "relationshipType": "CONTAINS",
      "relatedSpdxElement": "SPDXRef-file-2"
    },
    {
      "spdxElementId": "SPDXRef-port",
      "relationshipType": "CONTAINS",
      "relatedSpdxElement": "SPDXRef-file-3"
    },
    {
      "spdxElementId": "SPDXRef-binary",
      "relationshipType": "GENERATED_FROM",
      "relatedSpdxElement": "SPDXRef-port"
    },
    {
      "spdxElementId": "SPDXRef-file-0",
      "relationshipType": "CONTAINED_BY",
      "relatedSpdxElement": "SPDXRef-port"
    },
    {
      "spdxElementId": "SPDXRef-file-1",
      "relationshipType": "CONTAINED_BY",
      "relatedSpdxElement": "SPDXRef-port"
    },
    {
      "spdxElementId": "SPDXRef-file-2",
      "relationshipType": "CONTAINED_BY",
      "relatedSpdxElement": "SPDXRef-port"
    },
    {
      "spdxElementId": "SPDXRef-file-3",
      "relationshipType": "CONTAINED_BY",
      "relatedSpdxElement": "SPDXRef-port"
    }
  ],
  "packages": [
    {
      "name": "lz4",
      "SPDXID": "SPDXRef-port",
      "versionInfo": "1.10.0",
      "downloadLocation": "git+https://github.com/microsoft/vcpkg@4f01eec10f515a428e914107c5188366380f8dd9",
      "homepage": "https://github.com/lz4/lz4",
      "licenseConcluded": "BSD-2-Clause",
      "licenseDeclared": "NOASSERTION",
      "copyrightText": "NOASSERTION",
      "description": "Lossless compression algorithm, providing compression speed at 400 MB/s per core.",
      "comment": "This is the port (recipe) consumed by vcpkg."
    },
    {
      "name": "lz4:x64-linux",
      "SPDXID": "SPDXRef-binary",
      "versionInfo": "c238ad72efc3dd4a44271d3995194047bf24addcd1c05de38410fb1556979746",
      "downloadLocation": "NONE",
      "licenseConcluded": "BSD-2-Clause",
      "licenseDeclared": "NOASSERTION",
      "copyrightText": "NOASSERTION",
      "comment": "This is a binary package built by vcpkg."
    },
    {
      "SPDXID": "SPDXRef-resource-1",
      "name": "lz4/lz4",
      "downloadLocation": "git+https://github.com/lz4/lz4@v1.10.0",
      "licenseConcluded": "NOASSERTION",
      "licenseDeclared": "NOASSERTION",
      "copyrightText": "NOASSERTION",
      "checksums": [
        {
          "algorithm": "SHA512",
          "checksumValue": "8c4ceb217e6dc8e7e0beba99adc736aca8963867bcf9f970d621978ba11ce92855912f8b66138037a1d2ae171e8e17beb7be99281fea840106aa60373c455b28"
        }
      ]
    }
  ],
  "files": [
    {
      "fileName": ".//home/thomas/.cache/vcpkg/registries/git-trees/4f01eec10f515a428e914107c5188366380f8dd9/usage",
      "SPDXID": "SPDXRef-file-0",
      "checksums": [
        {
          "algorithm": "SHA256",
          "checksumValue": "32490d4c5d482fcef4f551b56ac5db1c6e38e7c5779ff8f656c9d93cdb155470"
        }
      ],
      "licenseConcluded": "NOASSERTION",
      "copyrightText": "NOASSERTION"
    },
    {
      "fileName": ".//home/thomas/.cache/vcpkg/registries/git-trees/4f01eec10f515a428e914107c5188366380f8dd9/portfile.cmake",
      "SPDXID": "SPDXRef-file-1",
      "checksums": [
        {
          "algorithm": "SHA256",
          "checksumValue": "b70fd07b84540a452f252350e5877063cb6ff924de4a817bd824aab6ff2216cb"
        }
      ],
      "licenseConcluded": "NOASSERTION",
      "copyrightText": "NOASSERTION"
    },
    {
      "fileName": ".//home/thomas/.cache/vcpkg/registries/git-trees/4f01eec10f515a428e914107c5188366380f8dd9/target-lz4-lz4.diff",
      "SPDXID": "SPDXRef-file-2",
      "checksums": [
        {
          "algorithm": "SHA256",
          "checksumValue": "82e8dcd050d3249f6ce0598a18136ee5939667a28e41ff5dd220d71b42a156f0"
        }
      ],
      "licenseConcluded": "NOASSERTION",
      "copyrightText": "NOASSERTION"
    },
    {
      "fileName": ".//home/thomas/.cache/vcpkg/registries/git-trees/4f01eec10f515a428e914107c5188366380f8dd9/vcpkg.json",
      "SPDXID": "SPDXRef-file-3",
      "checksums": [
        {
          "algorithm": "SHA256",
          "checksumValue": "dbc58f209d5e2ddbfd04ef4984c657a6c097710461114313a26617d983694666"
        }
      ],
      "licenseConcluded": "NOASSERTION",
      "copyrightText": "NOASSERTION"
    }
  ]
}
