{
  "$schema": "https://raw.githubusercontent.com/spdx/spdx-spec/v2.2.1/schemas/spdx-schema.json",
  "spdxVersion": "SPDX-2.2",
  "dataLicense": "CC0-1.0",
  "SPDXID": "SPDXRef-DOCUMENT",
  "documentNamespace": "https://spdx.org/spdxdocs/vcpkg-cmake-get-vars-x64-linux-2024-09-22-56715831-0c15-48f6-b6a8-731b6632219a",
  "name": "vcpkg-cmake-get-vars:x64-linux@2024-09-22 503d672a24298ce0d1ddc0e01b8b7a3d9a96416b8265ff070f94975a3b75d0b2",
  "creationInfo": {
    "creators": [
      "Tool: vcpkg-2024-10-18-e392d7347fe72dff56e7857f7571c22301237ae6"
    ],
    "created": "2024-10-25T06:06:51Z"
  },
  "relationships": [
    {
      "spdxElementId": "SPDXRef-port",
      "relationshipType": "GENERATES",
      "relatedSpdxElement": "SPDXRef-binary"
    },
    {
      "spdxElementId": "SPDXRef-port",
      "relationshipType": "CONTAINS",
      "relatedSpdxElement": "SPDXRef-file-0"
    },
    {
      "spdxElementId": "SPDXRef-port",
      "relationshipType": "CONTAINS",
      "relatedSpdxElement": "SPDXRef-file-1"
    },
    {
      "spdxElementId": "SPDXRef-port",
      "relationshipType": "CONTAINS",
      "relatedSpdxElement": "SPDXRef-file-2"
    },
    {
      "spdxElementId": "SPDXRef-port",
      "relationshipType": "CONTAINS",
      "relatedSpdxElement": "SPDXRef-file-3"
    },
    {
      "spdxElementId": "SPDXRef-port",
      "relationshipType": "CONTAINS",
      "relatedSpdxElement": "SPDXRef-file-4"
    },
    {
      "spdxElementId": "SPDXRef-binary",
      "relationshipType": "GENERATED_FROM",
      "relatedSpdxElement": "SPDXRef-port"
    },
    {
      "spdxElementId": "SPDXRef-file-0",
      "relationshipType": "CONTAINED_BY",
      "relatedSpdxElement": "SPDXRef-port"
    },
    {
      "spdxElementId": "SPDXRef-file-1",
      "relationshipType": "CONTAINED_BY",
      "relatedSpdxElement": "SPDXRef-port"
    },
    {
      "spdxElementId": "SPDXRef-file-2",
      "relationshipType": "CONTAINED_BY",
      "relatedSpdxElement": "SPDXRef-port"
    },
    {
      "spdxElementId": "SPDXRef-file-3",
      "relationshipType": "CONTAINED_BY",
      "relatedSpdxElement": "SPDXRef-port"
    },
    {
      "spdxElementId": "SPDXRef-file-4",
      "relationshipType": "CONTAINED_BY",
      "relatedSpdxElement": "SPDXRef-port"
    }
  ],
  "packages": [
    {
      "name": "vcpkg-cmake-get-vars",
      "SPDXID": "SPDXRef-port",
      "versionInfo": "2024-09-22",
      "downloadLocation": "git+https://github.com/microsoft/vcpkg@f23148add155147f3d95ae622d3b0031beb25acf",
      "licenseConcluded": "MIT",
      "licenseDeclared": "NOASSERTION",
      "copyrightText": "NOASSERTION",
      "comment": "This is the port (recipe) consumed by vcpkg."
    },
    {
      "name": "vcpkg-cmake-get-vars:x64-linux",
      "SPDXID": "SPDXRef-binary",
      "versionInfo": "503d672a24298ce0d1ddc0e01b8b7a3d9a96416b8265ff070f94975a3b75d0b2",
      "downloadLocation": "NONE",
      "licenseConcluded": "MIT",
      "licenseDeclared": "NOASSERTION",
      "copyrightText": "NOASSERTION",
      "comment": "This is a binary package built by vcpkg."
    }
  ],
  "files": [
    {
      "fileName": ".//home/thomas/.cache/vcpkg/registries/git-trees/f23148add155147f3d95ae622d3b0031beb25acf/vcpkg-port-config.cmake",
      "SPDXID": "SPDXRef-file-0",
      "checksums": [
        {
          "algorithm": "SHA256",
          "checksumValue": "4fd4c2e909bbdf069eb3c59b4b847b0b386cdb41840714e12b34b7eff41f9e22"
        }
      ],
      "licenseConcluded": "NOASSERTION",
      "copyrightText": "NOASSERTION"
    },
    {
      "fileName": ".//home/thomas/.cache/vcpkg/registries/git-trees/f23148add155147f3d95ae622d3b0031beb25acf/portfile.cmake",
      "SPDXID": "SPDXRef-file-1",
      "checksums": [
        {
          "algorithm": "SHA256",
          "checksumValue": "bbcf9d6b88dd539617f4cfc1f76acbbe9a6e31fc373d79c1c626278768ea2e2a"
        }
      ],
      "licenseConcluded": "NOASSERTION",
      "copyrightText": "NOASSERTION"
    },
    {
      "fileName": ".//home/thomas/.cache/vcpkg/registries/git-trees/f23148add155147f3d95ae622d3b0031beb25acf/vcpkg_cmake_get_vars.cmake",
      "SPDXID": "SPDXRef-file-2",
      "checksums": [
        {
          "algorithm": "SHA256",
          "checksumValue": "da894e0dafa6ef0acdc641f12b02633f273322d86a6d2e7065dc56134478cea3"
        }
      ],
      "licenseConcluded": "NOASSERTION",
      "copyrightText": "NOASSERTION"
    },
    {
      "fileName": ".//home/thomas/.cache/vcpkg/registries/git-trees/f23148add155147f3d95ae622d3b0031beb25acf/cmake_get_vars/CMakeLists.txt",
      "SPDXID": "SPDXRef-file-3",
      "checksums": [
        {
          "algorithm": "SHA256",
          "checksumValue": "3fda8c6435ffe8cb481ac9eda466cc29e3843d0a5e0b11c8158842ea25580225"
        }
      ],
      "licenseConcluded": "NOASSERTION",
      "copyrightText": "NOASSERTION"
    },
    {
      "fileName": ".//home/thomas/.cache/vcpkg/registries/git-trees/f23148add155147f3d95ae622d3b0031beb25acf/vcpkg.json",
      "SPDXID": "SPDXRef-file-4",
      "checksums": [
        {
          "algorithm": "SHA256",
          "checksumValue": "f69b04b13a19ccd0124aebafe180915143d96b73df98163cb7bd2f9a800a03db"
        }
      ],
      "licenseConcluded": "NOASSERTION",
      "copyrightText": "NOASSERTION"
    }
  ]
}
