{
  "$schema": "https://raw.githubusercontent.com/spdx/spdx-spec/v2.2.1/schemas/spdx-schema.json",
  "spdxVersion": "SPDX-2.2",
  "dataLicense": "CC0-1.0",
  "SPDXID": "SPDXRef-DOCUMENT",
  "documentNamespace": "https://spdx.org/spdxdocs/pthreads-x64-linux-3.0.0#14-15780192-744e-4adc-9afe-e7cd07fbc76c",
  "name": "pthreads:x64-linux@3.0.0#14 f9aa7b1f3895b15585891def4ce6829e21c103dd5d1d1cc2138bf18592462827",
  "creationInfo": {
    "creators": [
      "Tool: vcpkg-2024-10-18-e392d7347fe72dff56e7857f7571c22301237ae6"
    ],
    "created": "2024-10-25T06:10:40Z"
  },
  "relationships": [
    {
      "spdxElementId": "SPDXRef-port",
      "relationshipType": "GENERATES",
      "relatedSpdxElement": "SPDXRef-binary"
    },
    {
      "spdxElementId": "SPDXRef-port",
      "relationshipType": "CONTAINS",
      "relatedSpdxElement": "SPDXRef-file-0"
    },
    {
      "spdxElementId": "SPDXRef-port",
      "relationshipType": "CONTAINS",
      "relatedSpdxElement": "SPDXRef-file-1"
    },
    {
      "spdxElementId": "SPDXRef-port",
      "relationshipType": "CONTAINS",
      "relatedSpdxElement": "SPDXRef-file-2"
    },
    {
      "spdxElementId": "SPDXRef-port",
      "relationshipType": "CONTAINS",
      "relatedSpdxElement": "SPDXRef-file-3"
    },
    {
      "spdxElementId": "SPDXRef-port",
      "relationshipType": "CONTAINS",
      "relatedSpdxElement": "SPDXRef-file-4"
    },
    {
      "spdxElementId": "SPDXRef-port",
      "relationshipType": "CONTAINS",
      "relatedSpdxElement": "SPDXRef-file-5"
    },
    {
      "spdxElementId": "SPDXRef-port",
      "relationshipType": "CONTAINS",
      "relatedSpdxElement": "SPDXRef-file-6"
    },
    {
      "spdxElementId": "SPDXRef-port",
      "relationshipType": "CONTAINS",
      "relatedSpdxElement": "SPDXRef-file-7"
    },
    {
      "spdxElementId": "SPDXRef-port",
      "relationshipType": "CONTAINS",
      "relatedSpdxElement": "SPDXRef-file-8"
    },
    {
      "spdxElementId": "SPDXRef-port",
      "relationshipType": "CONTAINS",
      "relatedSpdxElement": "SPDXRef-file-9"
    },
    {
      "spdxElementId": "SPDXRef-port",
      "relationshipType": "CONTAINS",
      "relatedSpdxElement": "SPDXRef-file-10"
    },
    {
      "spdxElementId": "SPDXRef-port",
      "relationshipType": "CONTAINS",
      "relatedSpdxElement": "SPDXRef-file-11"
    },
    {
      "spdxElementId": "SPDXRef-port",
      "relationshipType": "CONTAINS",
      "relatedSpdxElement": "SPDXRef-file-12"
    },
    {
      "spdxElementId": "SPDXRef-port",
      "relationshipType": "CONTAINS",
      "relatedSpdxElement": "SPDXRef-file-13"
    },
    {
      "spdxElementId": "SPDXRef-port",
      "relationshipType": "CONTAINS",
      "relatedSpdxElement": "SPDXRef-file-14"
    },
    {
      "spdxElementId": "SPDXRef-binary",
      "relationshipType": "GENERATED_FROM",
      "relatedSpdxElement": "SPDXRef-port"
    },
    {
      "spdxElementId": "SPDXRef-file-0",
      "relationshipType": "CONTAINED_BY",
      "relatedSpdxElement": "SPDXRef-port"
    },
    {
      "spdxElementId": "SPDXRef-file-1",
      "relationshipType": "CONTAINED_BY",
      "relatedSpdxElement": "SPDXRef-port"
    },
    {
      "spdxElementId": "SPDXRef-file-2",
      "relationshipType": "CONTAINED_BY",
      "relatedSpdxElement": "SPDXRef-port"
    },
    {
      "spdxElementId": "SPDXRef-file-3",
      "relationshipType": "CONTAINED_BY",
      "relatedSpdxElement": "SPDXRef-port"
    },
    {
      "spdxElementId": "SPDXRef-file-4",
      "relationshipType": "CONTAINED_BY",
      "relatedSpdxElement": "SPDXRef-port"
    },
    {
      "spdxElementId": "SPDXRef-file-5",
      "relationshipType": "CONTAINED_BY",
      "relatedSpdxElement": "SPDXRef-port"
    },
    {
      "spdxElementId": "SPDXRef-file-6",
      "relationshipType": "CONTAINED_BY",
      "relatedSpdxElement": "SPDXRef-port"
    },
    {
      "spdxElementId": "SPDXRef-file-7",
      "relationshipType": "CONTAINED_BY",
      "relatedSpdxElement": "SPDXRef-port"
    },
    {
      "spdxElementId": "SPDXRef-file-8",
      "relationshipType": "CONTAINED_BY",
      "relatedSpdxElement": "SPDXRef-port"
    },
    {
      "spdxElementId": "SPDXRef-file-9",
      "relationshipType": "CONTAINED_BY",
      "relatedSpdxElement": "SPDXRef-port"
    },
    {
      "spdxElementId": "SPDXRef-file-10",
      "relationshipType": "CONTAINED_BY",
      "relatedSpdxElement": "SPDXRef-port"
    },
    {
      "spdxElementId": "SPDXRef-file-11",
      "relationshipType": "CONTAINED_BY",
      "relatedSpdxElement": "SPDXRef-port"
    },
    {
      "spdxElementId": "SPDXRef-file-12",
      "relationshipType": "CONTAINED_BY",
      "relatedSpdxElement": "SPDXRef-port"
    },
    {
      "spdxElementId": "SPDXRef-file-13",
      "relationshipType": "CONTAINED_BY",
      "relatedSpdxElement": "SPDXRef-port"
    },
    {
      "spdxElementId": "SPDXRef-file-14",
      "relationshipType": "CONTAINED_BY",
      "relatedSpdxElement": "SPDXRef-port"
    }
  ],
  "packages": [
    {
      "name": "pthreads",
      "SPDXID": "SPDXRef-port",
      "versionInfo": "3.0.0#14",
      "downloadLocation": "git+https://github.com/microsoft/vcpkg@2e0a6df2800d3677b941dc6504f083965b7886d9",
      "homepage": "https://sourceforge.net/projects/pthreads4w/",
      "licenseConcluded": "Apache-2.0",
      "licenseDeclared": "NOASSERTION",
      "copyrightText": "NOASSERTION",
      "description": "Meta-package that provides PThreads4W on Windows, or assumes presence of system pthreads on POSIX systems.",
      "comment": "This is the port (recipe) consumed by vcpkg."
    },
    {
      "name": "pthreads:x64-linux",
      "SPDXID": "SPDXRef-binary",
      "versionInfo": "f9aa7b1f3895b15585891def4ce6829e21c103dd5d1d1cc2138bf18592462827",
      "downloadLocation": "NONE",
      "licenseConcluded": "Apache-2.0",
      "licenseDeclared": "NOASSERTION",
      "copyrightText": "NOASSERTION",
      "comment": "This is a binary package built by vcpkg."
    },
    {
      "SPDXID": "SPDXRef-resource-1",
      "name": "pthreads4w-code-v${VERSION}.zip",
      "packageFileName": "pthreads4w-code-v${VERSION}.zip",
      "downloadLocation": "https://sourceforge.net/projects/pthreads4w/files//pthreads4w-code-v${VERSION}.zip",
      "licenseConcluded": "NOASSERTION",
      "licenseDeclared": "NOASSERTION",
      "copyrightText": "NOASSERTION",
      "checksums": [
        {
          "algorithm": "SHA512",
          "checksumValue": "49e541b66c26ddaf812edb07b61d0553e2a5816ab002edc53a38a897db8ada6d0a096c98a9af73a8f40c94283df53094f76b429b09ac49862465d8697ed20013"
        }
      ]
    }
  ],
  "files": [
    {
      "fileName": ".//home/thomas/.cache/vcpkg/registries/git-trees/2e0a6df2800d3677b941dc6504f083965b7886d9/fix-pthread_getname_np.patch",
      "SPDXID": "SPDXRef-file-0",
      "checksums": [
        {
          "algorithm": "SHA256",
          "checksumValue": "cb0d55d5b0b085990b75783fbed42bf05727832aaf838fbead00d9316d7419ba"
        }
      ],
      "licenseConcluded": "NOASSERTION",
      "copyrightText": "NOASSERTION"
    },
    {
      "fileName": ".//home/thomas/.cache/vcpkg/registries/git-trees/2e0a6df2800d3677b941dc6504f083965b7886d9/use-md.patch",
      "SPDXID": "SPDXRef-file-1",
      "checksums": [
        {
          "algorithm": "SHA256",
          "checksumValue": "64c44bfce87583aa45fe93a07efe03297819353a4f2c09bc49f2db5288b67de6"
        }
      ],
      "licenseConcluded": "NOASSERTION",
      "copyrightText": "NOASSERTION"
    },
    {
      "fileName": ".//home/thomas/.cache/vcpkg/registries/git-trees/2e0a6df2800d3677b941dc6504f083965b7886d9/usage",
      "SPDXID": "SPDXRef-file-2",
      "checksums": [
        {
          "algorithm": "SHA256",
          "checksumValue": "80ebd40795872c59739097448d77958fcffd28bbb6967264c99d2cb0aad31fc8"
        }
      ],
      "licenseConcluded": "NOASSERTION",
      "copyrightText": "NOASSERTION"
    },
    {
      "fileName": ".//home/thomas/.cache/vcpkg/registries/git-trees/2e0a6df2800d3677b941dc6504f083965b7886d9/fix-install.patch",
      "SPDXID": "SPDXRef-file-3",
      "checksums": [
        {
          "algorithm": "SHA256",
          "checksumValue": "91c59133c14132f9c332ba7de625eb1e90474a51291cc732bcfcdd6a29f6c784"
        }
      ],
      "licenseConcluded": "NOASSERTION",
      "copyrightText": "NOASSERTION"
    },
    {
      "fileName": ".//home/thomas/.cache/vcpkg/registries/git-trees/2e0a6df2800d3677b941dc6504f083965b7886d9/vcpkg-cmake-wrapper-pthreads.cmake",
      "SPDXID": "SPDXRef-file-4",
      "checksums": [
        {
          "algorithm": "SHA256",
          "checksumValue": "6cf0398e3661171299071152341aa470dbbeb54b915fc7f1aa02cf67054caac7"
        }
      ],
      "licenseConcluded": "NOASSERTION",
      "copyrightText": "NOASSERTION"
    },
    {
      "fileName": ".//home/thomas/.cache/vcpkg/registries/git-trees/2e0a6df2800d3677b941dc6504f083965b7886d9/fix-uwp-linkage.patch",
      "SPDXID": "SPDXRef-file-5",
      "checksums": [
        {
          "algorithm": "SHA256",
          "checksumValue": "c8fc0357d0f7f750102491fc221f2816c006a0b5ee4d355588990b4507082c81"
        }
      ],
      "licenseConcluded": "NOASSERTION",
      "copyrightText": "NOASSERTION"
    },
    {
      "fileName": ".//home/thomas/.cache/vcpkg/registries/git-trees/2e0a6df2800d3677b941dc6504f083965b7886d9/fix-arm64-version_rc.patch",
      "SPDXID": "SPDXRef-file-6",
      "checksums": [
        {
          "algorithm": "SHA256",
          "checksumValue": "c398c260877d72609ec02f3a90623309ea5961b94d59b94e0f52f56743d26e37"
        }
      ],
      "licenseConcluded": "NOASSERTION",
      "copyrightText": "NOASSERTION"
    },
    {
      "fileName": ".//home/thomas/.cache/vcpkg/registries/git-trees/2e0a6df2800d3677b941dc6504f083965b7886d9/portfile.cmake",
      "SPDXID": "SPDXRef-file-7",
      "checksums": [
        {
          "algorithm": "SHA256",
          "checksumValue": "f1a9c2feb03dae457ffb60fe35128253e5b26ef7252d905051f6c86a316f3291"
        }
      ],
      "licenseConcluded": "NOASSERTION",
      "copyrightText": "NOASSERTION"
    },
    {
      "fileName": ".//home/thomas/.cache/vcpkg/registries/git-trees/2e0a6df2800d3677b941dc6504f083965b7886d9/vcpkg-cmake-wrapper-pthread.cmake",
      "SPDXID": "SPDXRef-file-8",
      "checksums": [
        {
          "algorithm": "SHA256",
          "checksumValue": "9ee7e0aeeb4aeae5bf99c5e76f8816bf5a72bac261c3335bbb47f31045c03ed6"
        }
      ],
      "licenseConcluded": "NOASSERTION",
      "copyrightText": "NOASSERTION"
    },
    {
      "fileName": ".//home/thomas/.cache/vcpkg/registries/git-trees/2e0a6df2800d3677b941dc6504f083965b7886d9/use-mt.patch",
      "SPDXID": "SPDXRef-file-9",
      "checksums": [
        {
          "algorithm": "SHA256",
          "checksumValue": "1221d57cf72eec94241cf25e6d86e072bd7b06269ca4fed18ccfcd844ba9426a"
        }
      ],
      "licenseConcluded": "NOASSERTION",
      "copyrightText": "NOASSERTION"
    },
    {
      "fileName": ".//home/thomas/.cache/vcpkg/registries/git-trees/2e0a6df2800d3677b941dc6504f083965b7886d9/whitespace_in_path.patch",
      "SPDXID": "SPDXRef-file-10",
      "checksums": [
        {
          "algorithm": "SHA256",
          "checksumValue": "1ebc321764d3a6bd47000e30859864e81cb267fad3114b091e53de70466bd330"
        }
      ],
      "licenseConcluded": "NOASSERTION",
      "copyrightText": "NOASSERTION"
    },
    {
      "fileName": ".//home/thomas/.cache/vcpkg/registries/git-trees/2e0a6df2800d3677b941dc6504f083965b7886d9/PThreads4WConfig.cmake",
      "SPDXID": "SPDXRef-file-11",
      "checksums": [
        {
          "algorithm": "SHA256",
          "checksumValue": "882481ae0040002100b9117d51fd874af04d44311b64d95be21470ae5d8d9ad0"
        }
      ],
      "licenseConcluded": "NOASSERTION",
      "copyrightText": "NOASSERTION"
    },
    {
      "fileName": ".//home/thomas/.cache/vcpkg/registries/git-trees/2e0a6df2800d3677b941dc6504f083965b7886d9/vcpkg-cmake-wrapper-pthreads-windows.cmake",
      "SPDXID": "SPDXRef-file-12",
      "checksums": [
        {
          "algorithm": "SHA256",
          "checksumValue": "c5e00312694d5a8488a12ce0a01560ec1527dea2d1de5becf3002c97ec503f15"
        }
      ],
      "licenseConcluded": "NOASSERTION",
      "copyrightText": "NOASSERTION"
    },
    {
      "fileName": ".//home/thomas/.cache/vcpkg/registries/git-trees/2e0a6df2800d3677b941dc6504f083965b7886d9/fix-arm-macro.patch",
      "SPDXID": "SPDXRef-file-13",
      "checksums": [
        {
          "algorithm": "SHA256",
          "checksumValue": "cebe7398d9301a5005dedc72d7b9d21bbfa4a26052d742eeabdb8ddc9a15147f"
        }
      ],
      "licenseConcluded": "NOASSERTION",
      "copyrightText": "NOASSERTION"
    },
    {
      "fileName": ".//home/thomas/.cache/vcpkg/registries/git-trees/2e0a6df2800d3677b941dc6504f083965b7886d9/vcpkg.json",
      "SPDXID": "SPDXRef-file-14",
      "checksums": [
        {
          "algorithm": "SHA256",
          "checksumValue": "daefc887e20720da4ebfd6e10fbf93e974f0fa11822a880693f17d4fd92d6b39"
        }
      ],
      "licenseConcluded": "NOASSERTION",
      "copyrightText": "NOASSERTION"
    }
  ]
}
