{
  "$schema": "https://raw.githubusercontent.com/spdx/spdx-spec/v2.2.1/schemas/spdx-schema.json",
  "spdxVersion": "SPDX-2.2",
  "dataLicense": "CC0-1.0",
  "SPDXID": "SPDXRef-DOCUMENT",
  "documentNamespace": "https://spdx.org/spdxdocs/expat-x64-linux-2.6.3-c385b679-9bdf-43d6-995f-30cc65db5f79",
  "name": "expat:x64-linux@2.6.3 36550638f857b0a3380d3a91e487e7914f4f0383ff4883347c4b383b02f367c4",
  "creationInfo": {
    "creators": [
      "Tool: vcpkg-2024-10-18-e392d7347fe72dff56e7857f7571c22301237ae6"
    ],
    "created": "2024-10-25T06:14:10Z"
  },
  "relationships": [
    {
      "spdxElementId": "SPDXRef-port",
      "relationshipType": "GENERATES",
      "relatedSpdxElement": "SPDXRef-binary"
    },
    {
      "spdxElementId": "SPDXRef-port",
      "relationshipType": "CONTAINS",
      "relatedSpdxElement": "SPDXRef-file-0"
    },
    {
      "spdxElementId": "SPDXRef-port",
      "relationshipType": "CONTAINS",
      "relatedSpdxElement": "SPDXRef-file-1"
    },
    {
      "spdxElementId": "SPDXRef-port",
      "relationshipType": "CONTAINS",
      "relatedSpdxElement": "SPDXRef-file-2"
    },
    {
      "spdxElementId": "SPDXRef-binary",
      "relationshipType": "GENERATED_FROM",
      "relatedSpdxElement": "SPDXRef-port"
    },
    {
      "spdxElementId": "SPDXRef-file-0",
      "relationshipType": "CONTAINED_BY",
      "relatedSpdxElement": "SPDXRef-port"
    },
    {
      "spdxElementId": "SPDXRef-file-1",
      "relationshipType": "CONTAINED_BY",
      "relatedSpdxElement": "SPDXRef-port"
    },
    {
      "spdxElementId": "SPDXRef-file-2",
      "relationshipType": "CONTAINED_BY",
      "relatedSpdxElement": "SPDXRef-port"
    }
  ],
  "packages": [
    {
      "name": "expat",
      "SPDXID": "SPDXRef-port",
      "versionInfo": "2.6.3",
      "downloadLocation": "git+https://github.com/microsoft/vcpkg@9649f61e2f302f608dfb98d6f366e0a08e413487",
      "homepage": "https://github.com/libexpat/libexpat",
      "licenseConcluded": "MIT",
      "licenseDeclared": "NOASSERTION",
      "copyrightText": "NOASSERTION",
      "description": "XML parser library written in C",
      "comment": "This is the port (recipe) consumed by vcpkg."
    },
    {
      "name": "expat:x64-linux",
      "SPDXID": "SPDXRef-binary",
      "versionInfo": "36550638f857b0a3380d3a91e487e7914f4f0383ff4883347c4b383b02f367c4",
      "downloadLocation": "NONE",
      "licenseConcluded": "MIT",
      "licenseDeclared": "NOASSERTION",
      "copyrightText": "NOASSERTION",
      "comment": "This is a binary package built by vcpkg."
    },
    {
      "SPDXID": "SPDXRef-resource-1",
      "name": "libexpat/libexpat",
      "downloadLocation": "git+https://github.com/libexpat/libexpat@${REF}",
      "licenseConcluded": "NOASSERTION",
      "licenseDeclared": "NOASSERTION",
      "copyrightText": "NOASSERTION",
      "checksums": [
        {
          "algorithm": "SHA512",
          "checksumValue": "370c1c8d6f6d55190ad60141c694ca16b33b020c300efd39fe90f084e3f23a63be4886bb954d126c0cecc87d8c9e8c29f38ed2b2d47775ec0293b2d63ef921d4"
        }
      ]
    }
  ],
  "files": [
    {
      "fileName": ".//home/thomas/.cache/vcpkg/registries/git-trees/9649f61e2f302f608dfb98d6f366e0a08e413487/portfile.cmake",
      "SPDXID": "SPDXRef-file-0",
      "checksums": [
        {
          "algorithm": "SHA256",
          "checksumValue": "3687667e9157b72eaf0e3c5e33012b749c741badec1fe17d727698ded0eb48f7"
        }
      ],
      "licenseConcluded": "NOASSERTION",
      "copyrightText": "NOASSERTION"
    },
    {
      "fileName": ".//home/thomas/.cache/vcpkg/registries/git-trees/9649f61e2f302f608dfb98d6f366e0a08e413487/vcpkg-cmake-wrapper.cmake",
      "SPDXID": "SPDXRef-file-1",
      "checksums": [
        {
          "algorithm": "SHA256",
          "checksumValue": "0d357034611e2487496d7a296f87d16e37ac03fd3590b2421ea0a976b50f3241"
        }
      ],
      "licenseConcluded": "NOASSERTION",
      "copyrightText": "NOASSERTION"
    },
    {
      "fileName": ".//home/thomas/.cache/vcpkg/registries/git-trees/9649f61e2f302f608dfb98d6f366e0a08e413487/vcpkg.json",
      "SPDXID": "SPDXRef-file-2",
      "checksums": [
        {
          "algorithm": "SHA256",
          "checksumValue": "9af08ffdf0aa4b80d4d9dedb0b58867c9099a546d84621265c51cd0c46ee3108"
        }
      ],
      "licenseConcluded": "NOASSERTION",
      "copyrightText": "NOASSERTION"
    }
  ]
}
