{
  "$schema": "https://raw.githubusercontent.com/spdx/spdx-spec/v2.2.1/schemas/spdx-schema.json",
  "spdxVersion": "SPDX-2.2",
  "dataLicense": "CC0-1.0",
  "SPDXID": "SPDXRef-DOCUMENT",
  "documentNamespace": "https://spdx.org/spdxdocs/dirent-x64-linux-1.24-6d0fcc84-bf02-4eea-95ab-de031f1257b7",
  "name": "dirent:x64-linux@1.24 c50df032d03094505d74f8b254701432443d4e975d6f3a0b9244dcac8923438f",
  "creationInfo": {
    "creators": [
      "Tool: vcpkg-2024-10-18-e392d7347fe72dff56e7857f7571c22301237ae6"
    ],
    "created": "2024-10-25T06:14:10Z"
  },
  "relationships": [
    {
      "spdxElementId": "SPDXRef-port",
      "relationshipType": "GENERATES",
      "relatedSpdxElement": "SPDXRef-binary"
    },
    {
      "spdxElementId": "SPDXRef-port",
      "relationshipType": "CONTAINS",
      "relatedSpdxElement": "SPDXRef-file-0"
    },
    {
      "spdxElementId": "SPDXRef-port",
      "relationshipType": "CONTAINS",
      "relatedSpdxElement": "SPDXRef-file-1"
    },
    {
      "spdxElementId": "SPDXRef-binary",
      "relationshipType": "GENERATED_FROM",
      "relatedSpdxElement": "SPDXRef-port"
    },
    {
      "spdxElementId": "SPDXRef-file-0",
      "relationshipType": "CONTAINED_BY",
      "relatedSpdxElement": "SPDXRef-port"
    },
    {
      "spdxElementId": "SPDXRef-file-1",
      "relationshipType": "CONTAINED_BY",
      "relatedSpdxElement": "SPDXRef-port"
    }
  ],
  "packages": [
    {
      "name": "dirent",
      "SPDXID": "SPDXRef-port",
      "versionInfo": "1.24",
      "downloadLocation": "git+https://github.com/microsoft/vcpkg@bcace8750d2b6080c63877eed432f8b862501012",
      "homepage": "https://github.com/tronkko/dirent",
      "licenseConcluded": "MIT",
      "licenseDeclared": "NOASSERTION",
      "copyrightText": "NOASSERTION",
      "description": "Dirent is a C/C++ programming interface that allows programmers to retrieve information about files and directories under Linux/UNIX. This project provides Linux compatible Dirent interface for Microsoft Windows.",
      "comment": "This is the port (recipe) consumed by vcpkg."
    },
    {
      "name": "dirent:x64-linux",
      "SPDXID": "SPDXRef-binary",
      "versionInfo": "c50df032d03094505d74f8b254701432443d4e975d6f3a0b9244dcac8923438f",
      "downloadLocation": "NONE",
      "licenseConcluded": "MIT",
      "licenseDeclared": "NOASSERTION",
      "copyrightText": "NOASSERTION",
      "comment": "This is a binary package built by vcpkg."
    },
    {
      "SPDXID": "SPDXRef-resource-1",
      "name": "tronkko/dirent",
      "downloadLocation": "git+https://github.com/tronkko/dirent@1.24",
      "licenseConcluded": "NOASSERTION",
      "licenseDeclared": "NOASSERTION",
      "copyrightText": "NOASSERTION",
      "checksums": [
        {
          "algorithm": "SHA512",
          "checksumValue": "bdfc5cd41034719a7bcb3b04ad1c821b73e8ab37768b831362bdd36dceb2bab832ecb56ed6e99db145d38b15e295c0971496320b0482cb339dc973a9870bb72d"
        }
      ]
    }
  ],
  "files": [
    {
      "fileName": ".//home/thomas/.cache/vcpkg/registries/git-trees/bcace8750d2b6080c63877eed432f8b862501012/portfile.cmake",
      "SPDXID": "SPDXRef-file-0",
      "checksums": [
        {
          "algorithm": "SHA256",
          "checksumValue": "25b48d97c0d6fb5212c3ed4867af743d93639bc8dc0243acbe8d3fd509fe33ca"
        }
      ],
      "licenseConcluded": "NOASSERTION",
      "copyrightText": "NOASSERTION"
    },
    {
      "fileName": ".//home/thomas/.cache/vcpkg/registries/git-trees/bcace8750d2b6080c63877eed432f8b862501012/vcpkg.json",
      "SPDXID": "SPDXRef-file-1",
      "checksums": [
        {
          "algorithm": "SHA256",
          "checksumValue": "073cfe15419b5ef1eb8339b496ac99deb5e4d1309784b6e0b1fbf97a4964389a"
        }
      ],
      "licenseConcluded": "NOASSERTION",
      "copyrightText": "NOASSERTION"
    }
  ]
}
