{
  "$schema": "https://raw.githubusercontent.com/spdx/spdx-spec/v2.2.1/schemas/spdx-schema.json",
  "spdxVersion": "SPDX-2.2",
  "dataLicense": "CC0-1.0",
  "SPDXID": "SPDXRef-DOCUMENT",
  "documentNamespace": "https://spdx.org/spdxdocs/sqlite3-x64-linux-3.46.1-23ac8194-7559-4794-812a-374da2561dc8",
  "name": "sqlite3:x64-linux@3.46.1 9b3c5da7cbff534ba74336c3171ffcfe06665c9e6285091c545949201bf20838",
  "creationInfo": {
    "creators": [
      "Tool: vcpkg-2024-10-18-e392d7347fe72dff56e7857f7571c22301237ae6"
    ],
    "created": "2024-10-25T06:07:20Z"
  },
  "relationships": [
    {
      "spdxElementId": "SPDXRef-port",
      "relationshipType": "GENERATES",
      "relatedSpdxElement": "SPDXRef-binary"
    },
    {
      "spdxElementId": "SPDXRef-port",
      "relationshipType": "CONTAINS",
      "relatedSpdxElement": "SPDXRef-file-0"
    },
    {
      "spdxElementId": "SPDXRef-port",
      "relationshipType": "CONTAINS",
      "relatedSpdxElement": "SPDXRef-file-1"
    },
    {
      "spdxElementId": "SPDXRef-port",
      "relationshipType": "CONTAINS",
      "relatedSpdxElement": "SPDXRef-file-2"
    },
    {
      "spdxElementId": "SPDXRef-port",
      "relationshipType": "CONTAINS",
      "relatedSpdxElement": "SPDXRef-file-3"
    },
    {
      "spdxElementId": "SPDXRef-port",
      "relationshipType": "CONTAINS",
      "relatedSpdxElement": "SPDXRef-file-4"
    },
    {
      "spdxElementId": "SPDXRef-port",
      "relationshipType": "CONTAINS",
      "relatedSpdxElement": "SPDXRef-file-5"
    },
    {
      "spdxElementId": "SPDXRef-port",
      "relationshipType": "CONTAINS",
      "relatedSpdxElement": "SPDXRef-file-6"
    },
    {
      "spdxElementId": "SPDXRef-port",
      "relationshipType": "CONTAINS",
      "relatedSpdxElement": "SPDXRef-file-7"
    },
    {
      "spdxElementId": "SPDXRef-port",
      "relationshipType": "CONTAINS",
      "relatedSpdxElement": "SPDXRef-file-8"
    },
    {
      "spdxElementId": "SPDXRef-binary",
      "relationshipType": "GENERATED_FROM",
      "relatedSpdxElement": "SPDXRef-port"
    },
    {
      "spdxElementId": "SPDXRef-file-0",
      "relationshipType": "CONTAINED_BY",
      "relatedSpdxElement": "SPDXRef-port"
    },
    {
      "spdxElementId": "SPDXRef-file-1",
      "relationshipType": "CONTAINED_BY",
      "relatedSpdxElement": "SPDXRef-port"
    },
    {
      "spdxElementId": "SPDXRef-file-2",
      "relationshipType": "CONTAINED_BY",
      "relatedSpdxElement": "SPDXRef-port"
    },
    {
      "spdxElementId": "SPDXRef-file-3",
      "relationshipType": "CONTAINED_BY",
      "relatedSpdxElement": "SPDXRef-port"
    },
    {
      "spdxElementId": "SPDXRef-file-4",
      "relationshipType": "CONTAINED_BY",
      "relatedSpdxElement": "SPDXRef-port"
    },
    {
      "spdxElementId": "SPDXRef-file-5",
      "relationshipType": "CONTAINED_BY",
      "relatedSpdxElement": "SPDXRef-port"
    },
    {
      "spdxElementId": "SPDXRef-file-6",
      "relationshipType": "CONTAINED_BY",
      "relatedSpdxElement": "SPDXRef-port"
    },
    {
      "spdxElementId": "SPDXRef-file-7",
      "relationshipType": "CONTAINED_BY",
      "relatedSpdxElement": "SPDXRef-port"
    },
    {
      "spdxElementId": "SPDXRef-file-8",
      "relationshipType": "CONTAINED_BY",
      "relatedSpdxElement": "SPDXRef-port"
    }
  ],
  "packages": [
    {
      "name": "sqlite3",
      "SPDXID": "SPDXRef-port",
      "versionInfo": "3.46.1",
      "downloadLocation": "git+https://github.com/microsoft/vcpkg@9cc1e5365321142755736cbc5a61cfa194f5b297",
      "homepage": "https://sqlite.org/",
      "licenseConcluded": "blessing",
      "licenseDeclared": "NOASSERTION",
      "copyrightText": "NOASSERTION",
      "description": "SQLite is a software library that implements a self-contained, serverless, zero-configuration, transactional SQL database engine.",
      "comment": "This is the port (recipe) consumed by vcpkg."
    },
    {
      "name": "sqlite3:x64-linux",
      "SPDXID": "SPDXRef-binary",
      "versionInfo": "9b3c5da7cbff534ba74336c3171ffcfe06665c9e6285091c545949201bf20838",
      "downloadLocation": "NONE",
      "licenseConcluded": "blessing",
      "licenseDeclared": "NOASSERTION",
      "copyrightText": "NOASSERTION",
      "comment": "This is a binary package built by vcpkg."
    },
    {
      "SPDXID": "SPDXRef-resource-1",
      "name": "sqlite-autoconf-${SQLITE_VERSION}.zip",
      "packageFileName": "sqlite-autoconf-${SQLITE_VERSION}.zip",
      "downloadLocation": "https://sqlite.org/2024/sqlite-autoconf-${SQLITE_VERSION}.tar.gz",
      "licenseConcluded": "NOASSERTION",
      "licenseDeclared": "NOASSERTION",
      "copyrightText": "NOASSERTION",
      "checksums": [
        {
          "algorithm": "SHA512",
          "checksumValue": "a5ba5af9c8d6440d39ba67e3d5903c165df3f1d111e299efbe7c1cca4876d4d5aecd722e0133670daa6eb5cbf8a85c6a3d9852ab507a393615fb5245a3e1a743"
        }
      ]
    }
  ],
  "files": [
    {
      "fileName": ".//home/thomas/.cache/vcpkg/registries/git-trees/9cc1e5365321142755736cbc5a61cfa194f5b297/usage",
      "SPDXID": "SPDXRef-file-0",
      "checksums": [
        {
          "algorithm": "SHA256",
          "checksumValue": "1cd1a4fe57d9caf51321f363f1d395074ac7d0c14b7035a5d2c218670be4b5b3"
        }
      ],
      "licenseConcluded": "NOASSERTION",
      "copyrightText": "NOASSERTION"
    },
    {
      "fileName": ".//home/thomas/.cache/vcpkg/registries/git-trees/9cc1e5365321142755736cbc5a61cfa194f5b297/portfile.cmake",
      "SPDXID": "SPDXRef-file-1",
      "checksums": [
        {
          "algorithm": "SHA256",
          "checksumValue": "e3d4eecfea99ddcd51141a560e7ca8396d0c9ef3bdbd2738c4d0de57f544a025"
        }
      ],
      "licenseConcluded": "NOASSERTION",
      "copyrightText": "NOASSERTION"
    },
    {
      "fileName": ".//home/thomas/.cache/vcpkg/registries/git-trees/9cc1e5365321142755736cbc5a61cfa194f5b297/add-config-include.patch",
      "SPDXID": "SPDXRef-file-2",
      "checksums": [
        {
          "algorithm": "SHA256",
          "checksumValue": "15a6fc0818d6407b468e3c869627445f1af09ef94ecf5c792eee71bc30ca7e68"
        }
      ],
      "licenseConcluded": "NOASSERTION",
      "copyrightText": "NOASSERTION"
    },
    {
      "fileName": ".//home/thomas/.cache/vcpkg/registries/git-trees/9cc1e5365321142755736cbc5a61cfa194f5b297/sqlite3-vcpkg-config.h.in",
      "SPDXID": "SPDXRef-file-3",
      "checksums": [
        {
          "algorithm": "SHA256",
          "checksumValue": "9bfd209bc336dd0514c7ed9e7e70b8d1f70224fee7c300224b163ac1c365becd"
        }
      ],
      "licenseConcluded": "NOASSERTION",
      "copyrightText": "NOASSERTION"
    },
    {
      "fileName": ".//home/thomas/.cache/vcpkg/registries/git-trees/9cc1e5365321142755736cbc5a61cfa194f5b297/sqlite3.pc.in",
      "SPDXID": "SPDXRef-file-4",
      "checksums": [
        {
          "algorithm": "SHA256",
          "checksumValue": "7d0eef3b49bc8c7fbb6a06b449855060ab5d9b4ab37d1781a0269dda8421a391"
        }
      ],
      "licenseConcluded": "NOASSERTION",
      "copyrightText": "NOASSERTION"
    },
    {
      "fileName": ".//home/thomas/.cache/vcpkg/registries/git-trees/9cc1e5365321142755736cbc5a61cfa194f5b297/fix-arm-uwp.patch",
      "SPDXID": "SPDXRef-file-5",
      "checksums": [
        {
          "algorithm": "SHA256",
          "checksumValue": "f4397f84d931cccb44a038194c895e28c749f1825ab45db4b5dccd6e3b6b5967"
        }
      ],
      "licenseConcluded": "NOASSERTION",
      "copyrightText": "NOASSERTION"
    },
    {
      "fileName": ".//home/thomas/.cache/vcpkg/registries/git-trees/9cc1e5365321142755736cbc5a61cfa194f5b297/sqlite3-config.in.cmake",
      "SPDXID": "SPDXRef-file-6",
      "checksums": [
        {
          "algorithm": "SHA256",
          "checksumValue": "7a44f5805ced746c4dcb497055bce06e45eb3ecb3506465fcde4d442a2179d96"
        }
      ],
      "licenseConcluded": "NOASSERTION",
      "copyrightText": "NOASSERTION"
    },
    {
      "fileName": ".//home/thomas/.cache/vcpkg/registries/git-trees/9cc1e5365321142755736cbc5a61cfa194f5b297/CMakeLists.txt",
      "SPDXID": "SPDXRef-file-7",
      "checksums": [
        {
          "algorithm": "SHA256",
          "checksumValue": "db133f80084dbbaccbc61c314d437412a5cc31b49378b19b7748f63269e3435a"
        }
      ],
      "licenseConcluded": "NOASSERTION",
      "copyrightText": "NOASSERTION"
    },
    {
      "fileName": ".//home/thomas/.cache/vcpkg/registries/git-trees/9cc1e5365321142755736cbc5a61cfa194f5b297/vcpkg.json",
      "SPDXID": "SPDXRef-file-8",
      "checksums": [
        {
          "algorithm": "SHA256",
          "checksumValue": "95843fd847cc655a3ccd52406862098da8fa921533c090f7a67b1d3527e60f4d"
        }
      ],
      "licenseConcluded": "NOASSERTION",
      "copyrightText": "NOASSERTION"
    }
  ]
}
