{
  "$schema": "https://raw.githubusercontent.com/spdx/spdx-spec/v2.2.1/schemas/spdx-schema.json",
  "spdxVersion": "SPDX-2.2",
  "dataLicense": "CC0-1.0",
  "SPDXID": "SPDXRef-DOCUMENT",
  "documentNamespace": "https://spdx.org/spdxdocs/double-conversion-x64-linux-3.3.0-0863a836-6149-4293-b9a8-74d2a7879c31",
  "name": "double-conversion:x64-linux@3.3.0 8a6f5df46772b6809cadcd51e7ea39dd9cf6275d8b90ed10fea56b3ff2980a61",
  "creationInfo": {
    "creators": [
      "Tool: vcpkg-2024-10-18-e392d7347fe72dff56e7857f7571c22301237ae6"
    ],
    "created": "2024-10-25T06:14:23Z"
  },
  "relationships": [
    {
      "spdxElementId": "SPDXRef-port",
      "relationshipType": "GENERATES",
      "relatedSpdxElement": "SPDXRef-binary"
    },
    {
      "spdxElementId": "SPDXRef-port",
      "relationshipType": "CONTAINS",
      "relatedSpdxElement": "SPDXRef-file-0"
    },
    {
      "spdxElementId": "SPDXRef-port",
      "relationshipType": "CONTAINS",
      "relatedSpdxElement": "SPDXRef-file-1"
    },
    {
      "spdxElementId": "SPDXRef-binary",
      "relationshipType": "GENERATED_FROM",
      "relatedSpdxElement": "SPDXRef-port"
    },
    {
      "spdxElementId": "SPDXRef-file-0",
      "relationshipType": "CONTAINED_BY",
      "relatedSpdxElement": "SPDXRef-port"
    },
    {
      "spdxElementId": "SPDXRef-file-1",
      "relationshipType": "CONTAINED_BY",
      "relatedSpdxElement": "SPDXRef-port"
    }
  ],
  "packages": [
    {
      "name": "double-conversion",
      "SPDXID": "SPDXRef-port",
      "versionInfo": "3.3.0",
      "downloadLocation": "git+https://github.com/microsoft/vcpkg@63037e8b38231f15de1dddb0593eebfb0bf32496",
      "homepage": "https://github.com/google/double-conversion",
      "licenseConcluded": "NOASSERTION",
      "licenseDeclared": "NOASSERTION",
      "copyrightText": "NOASSERTION",
      "description": "Efficient binary-decimal and decimal-binary conversion routines for IEEE doubles.",
      "comment": "This is the port (recipe) consumed by vcpkg."
    },
    {
      "name": "double-conversion:x64-linux",
      "SPDXID": "SPDXRef-binary",
      "versionInfo": "8a6f5df46772b6809cadcd51e7ea39dd9cf6275d8b90ed10fea56b3ff2980a61",
      "downloadLocation": "NONE",
      "licenseConcluded": "NOASSERTION",
      "licenseDeclared": "NOASSERTION",
      "copyrightText": "NOASSERTION",
      "comment": "This is a binary package built by vcpkg."
    },
    {
      "SPDXID": "SPDXRef-resource-1",
      "name": "google/double-conversion",
      "downloadLocation": "git+https://github.com/google/double-conversion@v3.3.0",
      "licenseConcluded": "NOASSERTION",
      "licenseDeclared": "NOASSERTION",
      "copyrightText": "NOASSERTION",
      "checksums": [
        {
          "algorithm": "SHA512",
          "checksumValue": "51e84eb7a5c407f7bc8f8b8ca19932ece5c9d8ac18aedff7b7620fc67369d9b2aa8c5a6b133e7f8633d7cc5e3788bad6e60b0e48ac08d0a4bc5e4abe7cee1334"
        }
      ]
    }
  ],
  "files": [
    {
      "fileName": ".//home/thomas/.cache/vcpkg/registries/git-trees/63037e8b38231f15de1dddb0593eebfb0bf32496/portfile.cmake",
      "SPDXID": "SPDXRef-file-0",
      "checksums": [
        {
          "algorithm": "SHA256",
          "checksumValue": "a65f21d6d1eb084facede1b20e720682c93c64695bd6c521fbcbce17dbb55d5f"
        }
      ],
      "licenseConcluded": "NOASSERTION",
      "copyrightText": "NOASSERTION"
    },
    {
      "fileName": ".//home/thomas/.cache/vcpkg/registries/git-trees/63037e8b38231f15de1dddb0593eebfb0bf32496/vcpkg.json",
      "SPDXID": "SPDXRef-file-1",
      "checksums": [
        {
          "algorithm": "SHA256",
          "checksumValue": "8691c314c77740fc2017c7d7188367bdf8f0f2c98dbb3a83e93c96f0cad36b96"
        }
      ],
      "licenseConcluded": "NOASSERTION",
      "copyrightText": "NOASSERTION"
    }
  ]
}
