{
  "$schema": "https://raw.githubusercontent.com/spdx/spdx-spec/v2.2.1/schemas/spdx-schema.json",
  "spdxVersion": "SPDX-2.2",
  "dataLicense": "CC0-1.0",
  "SPDXID": "SPDXRef-DOCUMENT",
  "documentNamespace": "https://spdx.org/spdxdocs/opengl-registry-x64-linux-2024-02-10#1-38c187a0-7b89-46f7-ac9a-38d055b13b02",
  "name": "opengl-registry:x64-linux@2024-02-10#1 9eb76730bde41ffeefb211af92f1d9e2d4d072d5a4fa3e64bbf491bd4d601fe7",
  "creationInfo": {
    "creators": [
      "Tool: vcpkg-2024-10-18-e392d7347fe72dff56e7857f7571c22301237ae6"
    ],
    "created": "2024-10-25T06:08:55Z"
  },
  "relationships": [
    {
      "spdxElementId": "SPDXRef-port",
      "relationshipType": "GENERATES",
      "relatedSpdxElement": "SPDXRef-binary"
    },
    {
      "spdxElementId": "SPDXRef-port",
      "relationshipType": "CONTAINS",
      "relatedSpdxElement": "SPDXRef-file-0"
    },
    {
      "spdxElementId": "SPDXRef-port",
      "relationshipType": "CONTAINS",
      "relatedSpdxElement": "SPDXRef-file-1"
    },
    {
      "spdxElementId": "SPDXRef-port",
      "relationshipType": "CONTAINS",
      "relatedSpdxElement": "SPDXRef-file-2"
    },
    {
      "spdxElementId": "SPDXRef-binary",
      "relationshipType": "GENERATED_FROM",
      "relatedSpdxElement": "SPDXRef-port"
    },
    {
      "spdxElementId": "SPDXRef-file-0",
      "relationshipType": "CONTAINED_BY",
      "relatedSpdxElement": "SPDXRef-port"
    },
    {
      "spdxElementId": "SPDXRef-file-1",
      "relationshipType": "CONTAINED_BY",
      "relatedSpdxElement": "SPDXRef-port"
    },
    {
      "spdxElementId": "SPDXRef-file-2",
      "relationshipType": "CONTAINED_BY",
      "relatedSpdxElement": "SPDXRef-port"
    }
  ],
  "packages": [
    {
      "name": "opengl-registry",
      "SPDXID": "SPDXRef-port",
      "versionInfo": "2024-02-10#1",
      "downloadLocation": "git+https://github.com/microsoft/vcpkg@22f7aa58ee78c9f0db904b6251e9265f2be26f9d",
      "homepage": "https://github.com/KhronosGroup/OpenGL-Registry",
      "licenseConcluded": "NOASSERTION",
      "licenseDeclared": "NOASSERTION",
      "copyrightText": "NOASSERTION",
      "description": "OpenGL, OpenGL ES, and OpenGL ES-SC API and Extension Registry",
      "comment": "This is the port (recipe) consumed by vcpkg."
    },
    {
      "name": "opengl-registry:x64-linux",
      "SPDXID": "SPDXRef-binary",
      "versionInfo": "9eb76730bde41ffeefb211af92f1d9e2d4d072d5a4fa3e64bbf491bd4d601fe7",
      "downloadLocation": "NONE",
      "licenseConcluded": "NOASSERTION",
      "licenseDeclared": "NOASSERTION",
      "copyrightText": "NOASSERTION",
      "comment": "This is a binary package built by vcpkg."
    },
    {
      "SPDXID": "SPDXRef-resource-1",
      "name": "KhronosGroup/OpenGL-Registry",
      "downloadLocation": "git+https://github.com/KhronosGroup/OpenGL-Registry@3530768138c5ba3dfbb2c43c830493f632f7ea33",
      "licenseConcluded": "NOASSERTION",
      "licenseDeclared": "NOASSERTION",
      "copyrightText": "NOASSERTION",
      "checksums": [
        {
          "algorithm": "SHA512",
          "checksumValue": "1b2260e2baf2f40964ff6677ce2c5f0e970752408e94b251d443de57c2021d8848dda8ba61ba67547692dfd283fd2351fc900da60e3973f14b7b9be8a5ec5145"
        }
      ]
    }
  ],
  "files": [
    {
      "fileName": ".//home/thomas/.cache/vcpkg/registries/git-trees/22f7aa58ee78c9f0db904b6251e9265f2be26f9d/portfile.cmake",
      "SPDXID": "SPDXRef-file-0",
      "checksums": [
        {
          "algorithm": "SHA256",
          "checksumValue": "138eebe924b8f930902ab6b32349b52d3f5188034b20d5e12786e99bd412c4b5"
        }
      ],
      "licenseConcluded": "NOASSERTION",
      "copyrightText": "NOASSERTION"
    },
    {
      "fileName": ".//home/thomas/.cache/vcpkg/registries/git-trees/22f7aa58ee78c9f0db904b6251e9265f2be26f9d/copyright",
      "SPDXID": "SPDXRef-file-1",
      "checksums": [
        {
          "algorithm": "SHA256",
          "checksumValue": "c56ffb0cc40bd972c1b2d4759828b89f7860471f5ba52eedde7a4ddb4664cef5"
        }
      ],
      "licenseConcluded": "NOASSERTION",
      "copyrightText": "NOASSERTION"
    },
    {
      "fileName": ".//home/thomas/.cache/vcpkg/registries/git-trees/22f7aa58ee78c9f0db904b6251e9265f2be26f9d/vcpkg.json",
      "SPDXID": "SPDXRef-file-2",
      "checksums": [
        {
          "algorithm": "SHA256",
          "checksumValue": "61709425e144b4bb228460483edbb170a59b350795d79d7730096ba1b55f3a1c"
        }
      ],
      "licenseConcluded": "NOASSERTION",
      "copyrightText": "NOASSERTION"
    }
  ]
}
