{
  "$schema": "https://raw.githubusercontent.com/spdx/spdx-spec/v2.2.1/schemas/spdx-schema.json",
  "spdxVersion": "SPDX-2.2",
  "dataLicense": "CC0-1.0",
  "SPDXID": "SPDXRef-DOCUMENT",
  "documentNamespace": "https://spdx.org/spdxdocs/vcpkg-cmake-config-x64-linux-2024-05-23-11f1dd39-8761-4967-8017-24834c9ada91",
  "name": "vcpkg-cmake-config:x64-linux@2024-05-23 a13b3c7fcad35a7aed4837517f846d83f77dde1979ae630945f9c3aab0d3b814",
  "creationInfo": {
    "creators": [
      "Tool: vcpkg-2024-10-18-e392d7347fe72dff56e7857f7571c22301237ae6"
    ],
    "created": "2024-10-24T06:38:14Z"
  },
  "relationships": [
    {
      "spdxElementId": "SPDXRef-port",
      "relationshipType": "GENERATES",
      "relatedSpdxElement": "SPDXRef-binary"
    },
    {
      "spdxElementId": "SPDXRef-port",
      "relationshipType": "CONTAINS",
      "relatedSpdxElement": "SPDXRef-file-0"
    },
    {
      "spdxElementId": "SPDXRef-port",
      "relationshipType": "CONTAINS",
      "relatedSpdxElement": "SPDXRef-file-1"
    },
    {
      "spdxElementId": "SPDXRef-port",
      "relationshipType": "CONTAINS",
      "relatedSpdxElement": "SPDXRef-file-2"
    },
    {
      "spdxElementId": "SPDXRef-port",
      "relationshipType": "CONTAINS",
      "relatedSpdxElement": "SPDXRef-file-3"
    },
    {
      "spdxElementId": "SPDXRef-port",
      "relationshipType": "CONTAINS",
      "relatedSpdxElement": "SPDXRef-file-4"
    },
    {
      "spdxElementId": "SPDXRef-binary",
      "relationshipType": "GENERATED_FROM",
      "relatedSpdxElement": "SPDXRef-port"
    },
    {
      "spdxElementId": "SPDXRef-file-0",
      "relationshipType": "CONTAINED_BY",
      "relatedSpdxElement": "SPDXRef-port"
    },
    {
      "spdxElementId": "SPDXRef-file-1",
      "relationshipType": "CONTAINED_BY",
      "relatedSpdxElement": "SPDXRef-port"
    },
    {
      "spdxElementId": "SPDXRef-file-2",
      "relationshipType": "CONTAINED_BY",
      "relatedSpdxElement": "SPDXRef-port"
    },
    {
      "spdxElementId": "SPDXRef-file-3",
      "relationshipType": "CONTAINED_BY",
      "relatedSpdxElement": "SPDXRef-port"
    },
    {
      "spdxElementId": "SPDXRef-file-4",
      "relationshipType": "CONTAINED_BY",
      "relatedSpdxElement": "SPDXRef-port"
    }
  ],
  "packages": [
    {
      "name": "vcpkg-cmake-config",
      "SPDXID": "SPDXRef-port",
      "versionInfo": "2024-05-23",
      "downloadLocation": "git+https://github.com/microsoft/vcpkg@97a63e4bc1a17422ffe4eff71da53b4b561a7841",
      "licenseConcluded": "MIT",
      "licenseDeclared": "NOASSERTION",
      "copyrightText": "NOASSERTION",
      "comment": "This is the port (recipe) consumed by vcpkg."
    },
    {
      "name": "vcpkg-cmake-config:x64-linux",
      "SPDXID": "SPDXRef-binary",
      "versionInfo": "a13b3c7fcad35a7aed4837517f846d83f77dde1979ae630945f9c3aab0d3b814",
      "downloadLocation": "NONE",
      "licenseConcluded": "MIT",
      "licenseDeclared": "NOASSERTION",
      "copyrightText": "NOASSERTION",
      "comment": "This is a binary package built by vcpkg."
    }
  ],
  "files": [
    {
      "fileName": ".//home/thomas/.cache/vcpkg/registries/git-trees/97a63e4bc1a17422ffe4eff71da53b4b561a7841/vcpkg-port-config.cmake",
      "SPDXID": "SPDXRef-file-0",
      "checksums": [
        {
          "algorithm": "SHA256",
          "checksumValue": "72bc3093337e633bdd19fe5d4dd1f38ca1918def49608d676a9c98c686d38b1e"
        }
      ],
      "licenseConcluded": "NOASSERTION",
      "copyrightText": "NOASSERTION"
    },
    {
      "fileName": ".//home/thomas/.cache/vcpkg/registries/git-trees/97a63e4bc1a17422ffe4eff71da53b4b561a7841/portfile.cmake",
      "SPDXID": "SPDXRef-file-1",
      "checksums": [
        {
          "algorithm": "SHA256",
          "checksumValue": "832b34e63f5af41ad1b2e4aa79c5bfa507a005b120b51548e674accc706837d7"
        }
      ],
      "licenseConcluded": "NOASSERTION",
      "copyrightText": "NOASSERTION"
    },
    {
      "fileName": ".//home/thomas/.cache/vcpkg/registries/git-trees/97a63e4bc1a17422ffe4eff71da53b4b561a7841/vcpkg_cmake_config_fixup.cmake",
      "SPDXID": "SPDXRef-file-2",
      "checksums": [
        {
          "algorithm": "SHA256",
          "checksumValue": "f3880578674f1bdbc54b67c5fc3787aaab8ee8bcf4e3e6e008204bf4ab67aa0b"
        }
      ],
      "licenseConcluded": "NOASSERTION",
      "copyrightText": "NOASSERTION"
    },
    {
      "fileName": ".//home/thomas/.cache/vcpkg/registries/git-trees/97a63e4bc1a17422ffe4eff71da53b4b561a7841/copyright",
      "SPDXID": "SPDXRef-file-3",
      "checksums": [
        {
          "algorithm": "SHA256",
          "checksumValue": "04b60f99a43bfd7fefdc8364b24aac704a2160cef969b75ba6a38b62dc4c4b70"
        }
      ],
      "licenseConcluded": "NOASSERTION",
      "copyrightText": "NOASSERTION"
    },
    {
      "fileName": ".//home/thomas/.cache/vcpkg/registries/git-trees/97a63e4bc1a17422ffe4eff71da53b4b561a7841/vcpkg.json",
      "SPDXID": "SPDXRef-file-4",
      "checksums": [
        {
          "algorithm": "SHA256",
          "checksumValue": "3964c3d0e6b39c7f42cebd5949cccdc7eb6feb83ee434fe73756c954b173c5c2"
        }
      ],
      "licenseConcluded": "NOASSERTION",
      "copyrightText": "NOASSERTION"
    }
  ]
}
