{
  "$schema": "https://raw.githubusercontent.com/spdx/spdx-spec/v2.2.1/schemas/spdx-schema.json",
  "spdxVersion": "SPDX-2.2",
  "dataLicense": "CC0-1.0",
  "SPDXID": "SPDXRef-DOCUMENT",
  "documentNamespace": "https://spdx.org/spdxdocs/vcpkg-cmake-x64-linux-2024-04-23-27a7f4e1-db8d-4987-b9bf-cde80d8cedcc",
  "name": "vcpkg-cmake:x64-linux@2024-04-23 4d679bbb790a9e778e02049c565cf8c857c33037290df4a34ff100e570a8ff5a",
  "creationInfo": {
    "creators": [
      "Tool: vcpkg-2024-10-18-e392d7347fe72dff56e7857f7571c22301237ae6"
    ],
    "created": "2024-10-24T06:38:14Z"
  },
  "relationships": [
    {
      "spdxElementId": "SPDXRef-port",
      "relationshipType": "GENERATES",
      "relatedSpdxElement": "SPDXRef-binary"
    },
    {
      "spdxElementId": "SPDXRef-port",
      "relationshipType": "CONTAINS",
      "relatedSpdxElement": "SPDXRef-file-0"
    },
    {
      "spdxElementId": "SPDXRef-port",
      "relationshipType": "CONTAINS",
      "relatedSpdxElement": "SPDXRef-file-1"
    },
    {
      "spdxElementId": "SPDXRef-port",
      "relationshipType": "CONTAINS",
      "relatedSpdxElement": "SPDXRef-file-2"
    },
    {
      "spdxElementId": "SPDXRef-port",
      "relationshipType": "CONTAINS",
      "relatedSpdxElement": "SPDXRef-file-3"
    },
    {
      "spdxElementId": "SPDXRef-port",
      "relationshipType": "CONTAINS",
      "relatedSpdxElement": "SPDXRef-file-4"
    },
    {
      "spdxElementId": "SPDXRef-port",
      "relationshipType": "CONTAINS",
      "relatedSpdxElement": "SPDXRef-file-5"
    },
    {
      "spdxElementId": "SPDXRef-binary",
      "relationshipType": "GENERATED_FROM",
      "relatedSpdxElement": "SPDXRef-port"
    },
    {
      "spdxElementId": "SPDXRef-file-0",
      "relationshipType": "CONTAINED_BY",
      "relatedSpdxElement": "SPDXRef-port"
    },
    {
      "spdxElementId": "SPDXRef-file-1",
      "relationshipType": "CONTAINED_BY",
      "relatedSpdxElement": "SPDXRef-port"
    },
    {
      "spdxElementId": "SPDXRef-file-2",
      "relationshipType": "CONTAINED_BY",
      "relatedSpdxElement": "SPDXRef-port"
    },
    {
      "spdxElementId": "SPDXRef-file-3",
      "relationshipType": "CONTAINED_BY",
      "relatedSpdxElement": "SPDXRef-port"
    },
    {
      "spdxElementId": "SPDXRef-file-4",
      "relationshipType": "CONTAINED_BY",
      "relatedSpdxElement": "SPDXRef-port"
    },
    {
      "spdxElementId": "SPDXRef-file-5",
      "relationshipType": "CONTAINED_BY",
      "relatedSpdxElement": "SPDXRef-port"
    }
  ],
  "packages": [
    {
      "name": "vcpkg-cmake",
      "SPDXID": "SPDXRef-port",
      "versionInfo": "2024-04-23",
      "downloadLocation": "git+https://github.com/microsoft/vcpkg@e74aa1e8f93278a8e71372f1fa08c3df420eb840",
      "licenseConcluded": "MIT",
      "licenseDeclared": "NOASSERTION",
      "copyrightText": "NOASSERTION",
      "comment": "This is the port (recipe) consumed by vcpkg."
    },
    {
      "name": "vcpkg-cmake:x64-linux",
      "SPDXID": "SPDXRef-binary",
      "versionInfo": "4d679bbb790a9e778e02049c565cf8c857c33037290df4a34ff100e570a8ff5a",
      "downloadLocation": "NONE",
      "licenseConcluded": "MIT",
      "licenseDeclared": "NOASSERTION",
      "copyrightText": "NOASSERTION",
      "comment": "This is a binary package built by vcpkg."
    }
  ],
  "files": [
    {
      "fileName": ".//home/thomas/.cache/vcpkg/registries/git-trees/e74aa1e8f93278a8e71372f1fa08c3df420eb840/vcpkg-port-config.cmake",
      "SPDXID": "SPDXRef-file-0",
      "checksums": [
        {
          "algorithm": "SHA256",
          "checksumValue": "f0a30f77c8f5e3ac40436fe2518a61ad067f2955c7ef3be6d6a0ca4b81cd2a45"
        }
      ],
      "licenseConcluded": "NOASSERTION",
      "copyrightText": "NOASSERTION"
    },
    {
      "fileName": ".//home/thomas/.cache/vcpkg/registries/git-trees/e74aa1e8f93278a8e71372f1fa08c3df420eb840/portfile.cmake",
      "SPDXID": "SPDXRef-file-1",
      "checksums": [
        {
          "algorithm": "SHA256",
          "checksumValue": "a711531b7f13b7da16fa1f25d7c5737a423d4a126465dc9e6689a0f043fcc1aa"
        }
      ],
      "licenseConcluded": "NOASSERTION",
      "copyrightText": "NOASSERTION"
    },
    {
      "fileName": ".//home/thomas/.cache/vcpkg/registries/git-trees/e74aa1e8f93278a8e71372f1fa08c3df420eb840/vcpkg_cmake_install.cmake",
      "SPDXID": "SPDXRef-file-2",
      "checksums": [
        {
          "algorithm": "SHA256",
          "checksumValue": "3ae7886dc8434fac6f1e61190cc355fdec5fbd4f60758e2de20423cf49c91369"
        }
      ],
      "licenseConcluded": "NOASSERTION",
      "copyrightText": "NOASSERTION"
    },
    {
      "fileName": ".//home/thomas/.cache/vcpkg/registries/git-trees/e74aa1e8f93278a8e71372f1fa08c3df420eb840/vcpkg_cmake_build.cmake",
      "SPDXID": "SPDXRef-file-3",
      "checksums": [
        {
          "algorithm": "SHA256",
          "checksumValue": "6d1c27080fe3e768b5e7b968d6a28a37db154ebcb214297de25f10b6713511e1"
        }
      ],
      "licenseConcluded": "NOASSERTION",
      "copyrightText": "NOASSERTION"
    },
    {
      "fileName": ".//home/thomas/.cache/vcpkg/registries/git-trees/e74aa1e8f93278a8e71372f1fa08c3df420eb840/vcpkg_cmake_configure.cmake",
      "SPDXID": "SPDXRef-file-4",
      "checksums": [
        {
          "algorithm": "SHA256",
          "checksumValue": "a8bc92be2faf621d6183ed1f3eb2ac3b103f4418b95f8695cf0dc7f7c5e8f724"
        }
      ],
      "licenseConcluded": "NOASSERTION",
      "copyrightText": "NOASSERTION"
    },
    {
      "fileName": ".//home/thomas/.cache/vcpkg/registries/git-trees/e74aa1e8f93278a8e71372f1fa08c3df420eb840/vcpkg.json",
      "SPDXID": "SPDXRef-file-5",
      "checksums": [
        {
          "algorithm": "SHA256",
          "checksumValue": "6fd546b781a1aa5df572bdd31672cf222e55698aa5bf7d3e5c11abf1ae56a45b"
        }
      ],
      "licenseConcluded": "NOASSERTION",
      "copyrightText": "NOASSERTION"
    }
  ]
}
