{
  "$schema": "https://raw.githubusercontent.com/spdx/spdx-spec/v2.2.1/schemas/spdx-schema.json",
  "spdxVersion": "SPDX-2.2",
  "dataLicense": "CC0-1.0",
  "SPDXID": "SPDXRef-DOCUMENT",
  "documentNamespace": "https://spdx.org/spdxdocs/pkgconf-x64-linux-2.3.0-b7ba9afd-fca2-4871-b1c5-584c628306fe",
  "name": "pkgconf:x64-linux@2.3.0 caa9dc0a1b9b14876589e5057a1b8db76e6c800aa34b838f6b14a05b32b5f5fe",
  "creationInfo": {
    "creators": [
      "Tool: vcpkg-2024-10-18-e392d7347fe72dff56e7857f7571c22301237ae6"
    ],
    "created": "2024-10-25T06:06:56Z"
  },
  "relationships": [
    {
      "spdxElementId": "SPDXRef-port",
      "relationshipType": "GENERATES",
      "relatedSpdxElement": "SPDXRef-binary"
    },
    {
      "spdxElementId": "SPDXRef-port",
      "relationshipType": "CONTAINS",
      "relatedSpdxElement": "SPDXRef-file-0"
    },
    {
      "spdxElementId": "SPDXRef-port",
      "relationshipType": "CONTAINS",
      "relatedSpdxElement": "SPDXRef-file-1"
    },
    {
      "spdxElementId": "SPDXRef-binary",
      "relationshipType": "GENERATED_FROM",
      "relatedSpdxElement": "SPDXRef-port"
    },
    {
      "spdxElementId": "SPDXRef-file-0",
      "relationshipType": "CONTAINED_BY",
      "relatedSpdxElement": "SPDXRef-port"
    },
    {
      "spdxElementId": "SPDXRef-file-1",
      "relationshipType": "CONTAINED_BY",
      "relatedSpdxElement": "SPDXRef-port"
    }
  ],
  "packages": [
    {
      "name": "pkgconf",
      "SPDXID": "SPDXRef-port",
      "versionInfo": "2.3.0",
      "downloadLocation": "git+https://github.com/microsoft/vcpkg@ae3886d8a627ec99dd18890389b6d5d331e29799",
      "homepage": "https://github.com/pkgconf/pkgconf",
      "licenseConcluded": "NOASSERTION",
      "licenseDeclared": "NOASSERTION",
      "copyrightText": "NOASSERTION",
      "description": "pkgconf is a program which helps to configure compiler and linker flags for development libraries. It is similar to pkg-config from freedesktop.org.",
      "comment": "This is the port (recipe) consumed by vcpkg."
    },
    {
      "name": "pkgconf:x64-linux",
      "SPDXID": "SPDXRef-binary",
      "versionInfo": "caa9dc0a1b9b14876589e5057a1b8db76e6c800aa34b838f6b14a05b32b5f5fe",
      "downloadLocation": "NONE",
      "licenseConcluded": "NOASSERTION",
      "licenseDeclared": "NOASSERTION",
      "copyrightText": "NOASSERTION",
      "comment": "This is a binary package built by vcpkg."
    },
    {
      "SPDXID": "SPDXRef-resource-1",
      "name": "pkgconf/pkgconf",
      "downloadLocation": "git+https://github.com/pkgconf/pkgconf@pkgconf-2.3.0",
      "licenseConcluded": "NOASSERTION",
      "licenseDeclared": "NOASSERTION",
      "copyrightText": "NOASSERTION",
      "checksums": [
        {
          "algorithm": "SHA512",
          "checksumValue": "0759e63b9bfdc1e0b2f95e4c5c7be24b4ffa22e06a08cfad7f8e8be9faf99c256b1cbc72159e4ec805791d6b507a80fc344d05d63a1d273c3285dac868bf6ca0"
        }
      ]
    }
  ],
  "files": [
    {
      "fileName": ".//home/thomas/.cache/vcpkg/registries/git-trees/ae3886d8a627ec99dd18890389b6d5d331e29799/portfile.cmake",
      "SPDXID": "SPDXRef-file-0",
      "checksums": [
        {
          "algorithm": "SHA256",
          "checksumValue": "170a9ad1054e57288c9666d19b25ecec04261366e8560cad5e21cdb0352d069f"
        }
      ],
      "licenseConcluded": "NOASSERTION",
      "copyrightText": "NOASSERTION"
    },
    {
      "fileName": ".//home/thomas/.cache/vcpkg/registries/git-trees/ae3886d8a627ec99dd18890389b6d5d331e29799/vcpkg.json",
      "SPDXID": "SPDXRef-file-1",
      "checksums": [
        {
          "algorithm": "SHA256",
          "checksumValue": "036d2012fa748d346bb9ba48d9a8fe882a8241c821a1e024138cff65c4b44db1"
        }
      ],
      "licenseConcluded": "NOASSERTION",
      "copyrightText": "NOASSERTION"
    }
  ]
}
