{
  "$schema": "https://raw.githubusercontent.com/spdx/spdx-spec/v2.2.1/schemas/spdx-schema.json",
  "spdxVersion": "SPDX-2.2",
  "dataLicense": "CC0-1.0",
  "SPDXID": "SPDXRef-DOCUMENT",
  "documentNamespace": "https://spdx.org/spdxdocs/libxcrypt-x64-linux-4.4.36#1-b8811019-5301-4922-84cb-c7cfec2c031c",
  "name": "libxcrypt:x64-linux@4.4.36#1 b2b50e8357655962ba8039a3beb63b2201c97d22b81f2bf72dca42a14f371698",
  "creationInfo": {
    "creators": [
      "Tool: vcpkg-2024-10-18-e392d7347fe72dff56e7857f7571c22301237ae6"
    ],
    "created": "2024-10-25T06:16:56Z"
  },
  "relationships": [
    {
      "spdxElementId": "SPDXRef-port",
      "relationshipType": "GENERATES",
      "relatedSpdxElement": "SPDXRef-binary"
    },
    {
      "spdxElementId": "SPDXRef-port",
      "relationshipType": "CONTAINS",
      "relatedSpdxElement": "SPDXRef-file-0"
    },
    {
      "spdxElementId": "SPDXRef-port",
      "relationshipType": "CONTAINS",
      "relatedSpdxElement": "SPDXRef-file-1"
    },
    {
      "spdxElementId": "SPDXRef-binary",
      "relationshipType": "GENERATED_FROM",
      "relatedSpdxElement": "SPDXRef-port"
    },
    {
      "spdxElementId": "SPDXRef-file-0",
      "relationshipType": "CONTAINED_BY",
      "relatedSpdxElement": "SPDXRef-port"
    },
    {
      "spdxElementId": "SPDXRef-file-1",
      "relationshipType": "CONTAINED_BY",
      "relatedSpdxElement": "SPDXRef-port"
    }
  ],
  "packages": [
    {
      "name": "libxcrypt",
      "SPDXID": "SPDXRef-port",
      "versionInfo": "4.4.36#1",
      "downloadLocation": "git+https://github.com/microsoft/vcpkg@89d7de97e87cb0eb10479d47ec43e1cc732b2734",
      "homepage": "https://github.com/besser82/libxcrypt",
      "licenseConcluded": "LGPL-2.1-only",
      "licenseDeclared": "NOASSERTION",
      "copyrightText": "NOASSERTION",
      "description": "libxcrypt is a modern library for one-way hashing of passwords. On Linux-based systems, by default libxcrypt will be binary backward compatible with the libcrypt.so.1 shipped as part of the GNU C Library.",
      "comment": "This is the port (recipe) consumed by vcpkg."
    },
    {
      "name": "libxcrypt:x64-linux",
      "SPDXID": "SPDXRef-binary",
      "versionInfo": "b2b50e8357655962ba8039a3beb63b2201c97d22b81f2bf72dca42a14f371698",
      "downloadLocation": "NONE",
      "licenseConcluded": "LGPL-2.1-only",
      "licenseDeclared": "NOASSERTION",
      "copyrightText": "NOASSERTION",
      "comment": "This is a binary package built by vcpkg."
    },
    {
      "SPDXID": "SPDXRef-resource-1",
      "name": "besser82/libxcrypt",
      "downloadLocation": "git+https://github.com/besser82/libxcrypt@v4.4.36",
      "licenseConcluded": "NOASSERTION",
      "licenseDeclared": "NOASSERTION",
      "copyrightText": "NOASSERTION",
      "checksums": [
        {
          "algorithm": "SHA512",
          "checksumValue": "61e5e393654f37775457474d4170098314879ee79963d423c1c461e80dc5dc74f0c161dd8754f016ce96109167be6c580ad23994fa1d2c38c54b96e602f3aece"
        }
      ]
    }
  ],
  "files": [
    {
      "fileName": ".//home/thomas/.cache/vcpkg/registries/git-trees/89d7de97e87cb0eb10479d47ec43e1cc732b2734/portfile.cmake",
      "SPDXID": "SPDXRef-file-0",
      "checksums": [
        {
          "algorithm": "SHA256",
          "checksumValue": "0f8b85b7f1c030bd06664a695aed7bb6a37b8748ae05aafeb5e1ed82bbc13926"
        }
      ],
      "licenseConcluded": "NOASSERTION",
      "copyrightText": "NOASSERTION"
    },
    {
      "fileName": ".//home/thomas/.cache/vcpkg/registries/git-trees/89d7de97e87cb0eb10479d47ec43e1cc732b2734/vcpkg.json",
      "SPDXID": "SPDXRef-file-1",
      "checksums": [
        {
          "algorithm": "SHA256",
          "checksumValue": "6008577dee44fe8f52c1bb2832de3fe872353507bed06be1267088a305852c9a"
        }
      ],
      "licenseConcluded": "NOASSERTION",
      "copyrightText": "NOASSERTION"
    }
  ]
}
