{
  "$schema": "https://raw.githubusercontent.com/spdx/spdx-spec/v2.2.1/schemas/spdx-schema.json",
  "spdxVersion": "SPDX-2.2",
  "dataLicense": "CC0-1.0",
  "SPDXID": "SPDXRef-DOCUMENT",
  "documentNamespace": "https://spdx.org/spdxdocs/openssl-x64-linux-3.3.2#1-f8c571ff-396e-43eb-bd42-fddc70bcd3ba",
  "name": "openssl:x64-linux@3.3.2#1 92f9622f75666e312059f2c89d0b172d1f9b4ca5d6c35bbd8f185439e60bbcfa",
  "creationInfo": {
    "creators": [
      "Tool: vcpkg-2024-10-18-e392d7347fe72dff56e7857f7571c22301237ae6"
    ],
    "created": "2024-10-25T06:08:46Z"
  },
  "relationships": [
    {
      "spdxElementId": "SPDXRef-port",
      "relationshipType": "GENERATES",
      "relatedSpdxElement": "SPDXRef-binary"
    },
    {
      "spdxElementId": "SPDXRef-port",
      "relationshipType": "CONTAINS",
      "relatedSpdxElement": "SPDXRef-file-0"
    },
    {
      "spdxElementId": "SPDXRef-port",
      "relationshipType": "CONTAINS",
      "relatedSpdxElement": "SPDXRef-file-1"
    },
    {
      "spdxElementId": "SPDXRef-port",
      "relationshipType": "CONTAINS",
      "relatedSpdxElement": "SPDXRef-file-2"
    },
    {
      "spdxElementId": "SPDXRef-port",
      "relationshipType": "CONTAINS",
      "relatedSpdxElement": "SPDXRef-file-3"
    },
    {
      "spdxElementId": "SPDXRef-port",
      "relationshipType": "CONTAINS",
      "relatedSpdxElement": "SPDXRef-file-4"
    },
    {
      "spdxElementId": "SPDXRef-port",
      "relationshipType": "CONTAINS",
      "relatedSpdxElement": "SPDXRef-file-5"
    },
    {
      "spdxElementId": "SPDXRef-port",
      "relationshipType": "CONTAINS",
      "relatedSpdxElement": "SPDXRef-file-6"
    },
    {
      "spdxElementId": "SPDXRef-port",
      "relationshipType": "CONTAINS",
      "relatedSpdxElement": "SPDXRef-file-7"
    },
    {
      "spdxElementId": "SPDXRef-port",
      "relationshipType": "CONTAINS",
      "relatedSpdxElement": "SPDXRef-file-8"
    },
    {
      "spdxElementId": "SPDXRef-port",
      "relationshipType": "CONTAINS",
      "relatedSpdxElement": "SPDXRef-file-9"
    },
    {
      "spdxElementId": "SPDXRef-port",
      "relationshipType": "CONTAINS",
      "relatedSpdxElement": "SPDXRef-file-10"
    },
    {
      "spdxElementId": "SPDXRef-port",
      "relationshipType": "CONTAINS",
      "relatedSpdxElement": "SPDXRef-file-11"
    },
    {
      "spdxElementId": "SPDXRef-port",
      "relationshipType": "CONTAINS",
      "relatedSpdxElement": "SPDXRef-file-12"
    },
    {
      "spdxElementId": "SPDXRef-port",
      "relationshipType": "CONTAINS",
      "relatedSpdxElement": "SPDXRef-file-13"
    },
    {
      "spdxElementId": "SPDXRef-port",
      "relationshipType": "CONTAINS",
      "relatedSpdxElement": "SPDXRef-file-14"
    },
    {
      "spdxElementId": "SPDXRef-port",
      "relationshipType": "CONTAINS",
      "relatedSpdxElement": "SPDXRef-file-15"
    },
    {
      "spdxElementId": "SPDXRef-port",
      "relationshipType": "CONTAINS",
      "relatedSpdxElement": "SPDXRef-file-16"
    },
    {
      "spdxElementId": "SPDXRef-port",
      "relationshipType": "CONTAINS",
      "relatedSpdxElement": "SPDXRef-file-17"
    },
    {
      "spdxElementId": "SPDXRef-port",
      "relationshipType": "CONTAINS",
      "relatedSpdxElement": "SPDXRef-file-18"
    },
    {
      "spdxElementId": "SPDXRef-port",
      "relationshipType": "CONTAINS",
      "relatedSpdxElement": "SPDXRef-file-19"
    },
    {
      "spdxElementId": "SPDXRef-binary",
      "relationshipType": "GENERATED_FROM",
      "relatedSpdxElement": "SPDXRef-port"
    },
    {
      "spdxElementId": "SPDXRef-file-0",
      "relationshipType": "CONTAINED_BY",
      "relatedSpdxElement": "SPDXRef-port"
    },
    {
      "spdxElementId": "SPDXRef-file-1",
      "relationshipType": "CONTAINED_BY",
      "relatedSpdxElement": "SPDXRef-port"
    },
    {
      "spdxElementId": "SPDXRef-file-2",
      "relationshipType": "CONTAINED_BY",
      "relatedSpdxElement": "SPDXRef-port"
    },
    {
      "spdxElementId": "SPDXRef-file-3",
      "relationshipType": "CONTAINED_BY",
      "relatedSpdxElement": "SPDXRef-port"
    },
    {
      "spdxElementId": "SPDXRef-file-4",
      "relationshipType": "CONTAINED_BY",
      "relatedSpdxElement": "SPDXRef-port"
    },
    {
      "spdxElementId": "SPDXRef-file-5",
      "relationshipType": "CONTAINED_BY",
      "relatedSpdxElement": "SPDXRef-port"
    },
    {
      "spdxElementId": "SPDXRef-file-6",
      "relationshipType": "CONTAINED_BY",
      "relatedSpdxElement": "SPDXRef-port"
    },
    {
      "spdxElementId": "SPDXRef-file-7",
      "relationshipType": "CONTAINED_BY",
      "relatedSpdxElement": "SPDXRef-port"
    },
    {
      "spdxElementId": "SPDXRef-file-8",
      "relationshipType": "CONTAINED_BY",
      "relatedSpdxElement": "SPDXRef-port"
    },
    {
      "spdxElementId": "SPDXRef-file-9",
      "relationshipType": "CONTAINED_BY",
      "relatedSpdxElement": "SPDXRef-port"
    },
    {
      "spdxElementId": "SPDXRef-file-10",
      "relationshipType": "CONTAINED_BY",
      "relatedSpdxElement": "SPDXRef-port"
    },
    {
      "spdxElementId": "SPDXRef-file-11",
      "relationshipType": "CONTAINED_BY",
      "relatedSpdxElement": "SPDXRef-port"
    },
    {
      "spdxElementId": "SPDXRef-file-12",
      "relationshipType": "CONTAINED_BY",
      "relatedSpdxElement": "SPDXRef-port"
    },
    {
      "spdxElementId": "SPDXRef-file-13",
      "relationshipType": "CONTAINED_BY",
      "relatedSpdxElement": "SPDXRef-port"
    },
    {
      "spdxElementId": "SPDXRef-file-14",
      "relationshipType": "CONTAINED_BY",
      "relatedSpdxElement": "SPDXRef-port"
    },
    {
      "spdxElementId": "SPDXRef-file-15",
      "relationshipType": "CONTAINED_BY",
      "relatedSpdxElement": "SPDXRef-port"
    },
    {
      "spdxElementId": "SPDXRef-file-16",
      "relationshipType": "CONTAINED_BY",
      "relatedSpdxElement": "SPDXRef-port"
    },
    {
      "spdxElementId": "SPDXRef-file-17",
      "relationshipType": "CONTAINED_BY",
      "relatedSpdxElement": "SPDXRef-port"
    },
    {
      "spdxElementId": "SPDXRef-file-18",
      "relationshipType": "CONTAINED_BY",
      "relatedSpdxElement": "SPDXRef-port"
    },
    {
      "spdxElementId": "SPDXRef-file-19",
      "relationshipType": "CONTAINED_BY",
      "relatedSpdxElement": "SPDXRef-port"
    }
  ],
  "packages": [
    {
      "name": "openssl",
      "SPDXID": "SPDXRef-port",
      "versionInfo": "3.3.2#1",
      "downloadLocation": "git+https://github.com/microsoft/vcpkg@2c0920b57254210866a89aa705291b452a31df48",
      "homepage": "https://www.openssl.org",
      "licenseConcluded": "Apache-2.0",
      "licenseDeclared": "NOASSERTION",
      "copyrightText": "NOASSERTION",
      "description": "OpenSSL is an open source project that provides a robust, commercial-grade, and full-featured toolkit for the Transport Layer Security (TLS) and Secure Sockets Layer (SSL) protocols. It is also a general-purpose cryptography library.",
      "comment": "This is the port (recipe) consumed by vcpkg."
    },
    {
      "name": "openssl:x64-linux",
      "SPDXID": "SPDXRef-binary",
      "versionInfo": "92f9622f75666e312059f2c89d0b172d1f9b4ca5d6c35bbd8f185439e60bbcfa",
      "downloadLocation": "NONE",
      "licenseConcluded": "Apache-2.0",
      "licenseDeclared": "NOASSERTION",
      "copyrightText": "NOASSERTION",
      "comment": "This is a binary package built by vcpkg."
    },
    {
      "SPDXID": "SPDXRef-resource-1",
      "name": "openssl/openssl",
      "downloadLocation": "git+https://github.com/openssl/openssl@openssl-3.3.2",
      "licenseConcluded": "NOASSERTION",
      "licenseDeclared": "NOASSERTION",
      "copyrightText": "NOASSERTION",
      "checksums": [
        {
          "algorithm": "SHA512",
          "checksumValue": "c6c152fa3eb06c8dcd4de9fccfd42165ba98715cc560454930709554bcb060db5a8465b70ee1d53e6df6ddc85507f66da745b1f2e2fae9605d808ea861d8f57d"
        }
      ]
    },
    {
      "SPDXID": "SPDXRef-resource-2",
      "name": "openssl-openssl-210dc9a50dfd99caa1cf7c3d2fa42850124b1bbc.patch",
      "packageFileName": "openssl-openssl-210dc9a50dfd99caa1cf7c3d2fa42850124b1bbc.patch",
      "downloadLocation": "https://github.com/openssl/openssl/commit/210dc9a50dfd99caa1cf7c3d2fa42850124b1bbc.patch?full_index=1",
      "licenseConcluded": "NOASSERTION",
      "licenseDeclared": "NOASSERTION",
      "copyrightText": "NOASSERTION",
      "checksums": [
        {
          "algorithm": "SHA512",
          "checksumValue": "62f69f0e2664dc3b6a3090a3b2e142d50b14467f0e862784d9e306a503d4c34e77cd546d3a04dcf1b059e8300646b8ba5168579a0f2a33cfa9cffcbfd4f309e7"
        }
      ]
    }
  ],
  "files": [
    {
      "fileName": ".//home/thomas/.cache/vcpkg/registries/git-trees/2c0920b57254210866a89aa705291b452a31df48/usage",
      "SPDXID": "SPDXRef-file-0",
      "checksums": [
        {
          "algorithm": "SHA256",
          "checksumValue": "2f31595ba815f7c986ea9fed0f198f7a2691dc027f9e1a39dd3093753ed8bc79"
        }
      ],
      "licenseConcluded": "NOASSERTION",
      "copyrightText": "NOASSERTION"
    },
    {
      "fileName": ".//home/thomas/.cache/vcpkg/registries/git-trees/2c0920b57254210866a89aa705291b452a31df48/vcpkg-cmake-wrapper.cmake.in",
      "SPDXID": "SPDXRef-file-1",
      "checksums": [
        {
          "algorithm": "SHA256",
          "checksumValue": "b29a6ba88f6f26f03a70cf57c31beb6de58ba0306ce8f3028f52fef4b86aec13"
        }
      ],
      "licenseConcluded": "NOASSERTION",
      "copyrightText": "NOASSERTION"
    },
    {
      "fileName": ".//home/thomas/.cache/vcpkg/registries/git-trees/2c0920b57254210866a89aa705291b452a31df48/cmake-config.patch",
      "SPDXID": "SPDXRef-file-2",
      "checksums": [
        {
          "algorithm": "SHA256",
          "checksumValue": "11c01cd2ebcca46cf1f54abd1edc1e3b4776c35552eed7ee9d4fbab6b7e6159b"
        }
      ],
      "licenseConcluded": "NOASSERTION",
      "copyrightText": "NOASSERTION"
    },
    {
      "fileName": ".//home/thomas/.cache/vcpkg/registries/git-trees/2c0920b57254210866a89aa705291b452a31df48/install-pc-files.cmake",
      "SPDXID": "SPDXRef-file-3",
      "checksums": [
        {
          "algorithm": "SHA256",
          "checksumValue": "001f4b55b3da7b4faa0910b906f9c587055abaa99edac9cfb3669a06b5387d44"
        }
      ],
      "licenseConcluded": "NOASSERTION",
      "copyrightText": "NOASSERTION"
    },
    {
      "fileName": ".//home/thomas/.cache/vcpkg/registries/git-trees/2c0920b57254210866a89aa705291b452a31df48/portfile.cmake",
      "SPDXID": "SPDXRef-file-4",
      "checksums": [
        {
          "algorithm": "SHA256",
          "checksumValue": "d4eb633ea1b7f1e17cf65f077e5fcea4a140740b50920e4f7a2d0efed3a01f37"
        }
      ],
      "licenseConcluded": "NOASSERTION",
      "copyrightText": "NOASSERTION"
    },
    {
      "fileName": ".//home/thomas/.cache/vcpkg/registries/git-trees/2c0920b57254210866a89aa705291b452a31df48/unix/no-empty-dirs.patch",
      "SPDXID": "SPDXRef-file-5",
      "checksums": [
        {
          "algorithm": "SHA256",
          "checksumValue": "a03d46642c903c9eb09184eabc553ce1467e000c28a9e7d7e92d995970004a62"
        }
      ],
      "licenseConcluded": "NOASSERTION",
      "copyrightText": "NOASSERTION"
    },
    {
      "fileName": ".//home/thomas/.cache/vcpkg/registries/git-trees/2c0920b57254210866a89aa705291b452a31df48/unix/remove-deps.cmake",
      "SPDXID": "SPDXRef-file-6",
      "checksums": [
        {
          "algorithm": "SHA256",
          "checksumValue": "6f9560155faa36f82e249d20b80d28edebd546c55db144b8dabbe0affea6ab14"
        }
      ],
      "licenseConcluded": "NOASSERTION",
      "copyrightText": "NOASSERTION"
    },
    {
      "fileName": ".//home/thomas/.cache/vcpkg/registries/git-trees/2c0920b57254210866a89aa705291b452a31df48/unix/portfile.cmake",
      "SPDXID": "SPDXRef-file-7",
      "checksums": [
        {
          "algorithm": "SHA256",
          "checksumValue": "d0ed522a7c951719b07b56ccbc83e0b1815efe0cbf102f7d40ebc0b6e39b0d29"
        }
      ],
      "licenseConcluded": "NOASSERTION",
      "copyrightText": "NOASSERTION"
    },
    {
      "fileName": ".//home/thomas/.cache/vcpkg/registries/git-trees/2c0920b57254210866a89aa705291b452a31df48/unix/android-cc.patch",
      "SPDXID": "SPDXRef-file-8",
      "checksums": [
        {
          "algorithm": "SHA256",
          "checksumValue": "a3cde12ca3c7c7894e73d300e0ccf728de28b87afde13776e7d7267979c3ead2"
        }
      ],
      "licenseConcluded": "NOASSERTION",
      "copyrightText": "NOASSERTION"
    },
    {
      "fileName": ".//home/thomas/.cache/vcpkg/registries/git-trees/2c0920b57254210866a89aa705291b452a31df48/unix/configure",
      "SPDXID": "SPDXRef-file-9",
      "checksums": [
        {
          "algorithm": "SHA256",
          "checksumValue": "96ef16490c8a7c240a0c96de7e641c93843d0b78400b4de7dc2c7d2e500f3480"
        }
      ],
      "licenseConcluded": "NOASSERTION",
      "copyrightText": "NOASSERTION"
    },
    {
      "fileName": ".//home/thomas/.cache/vcpkg/registries/git-trees/2c0920b57254210866a89aa705291b452a31df48/unix/move-openssldir.patch",
      "SPDXID": "SPDXRef-file-10",
      "checksums": [
        {
          "algorithm": "SHA256",
          "checksumValue": "9e62ad861f8421e5b732bf488b7199131ac17a57f295f50c697d2591f5845e0e"
        }
      ],
      "licenseConcluded": "NOASSERTION",
      "copyrightText": "NOASSERTION"
    },
    {
      "fileName": ".//home/thomas/.cache/vcpkg/registries/git-trees/2c0920b57254210866a89aa705291b452a31df48/unix/no-static-libs-for-shared.patch",
      "SPDXID": "SPDXRef-file-11",
      "checksums": [
        {
          "algorithm": "SHA256",
          "checksumValue": "dc51d597ad7477fc56c2a394c84493c87a4de2b84898497dda2754dd0fd8cb53"
        }
      ],
      "licenseConcluded": "NOASSERTION",
      "copyrightText": "NOASSERTION"
    },
    {
      "fileName": ".//home/thomas/.cache/vcpkg/registries/git-trees/2c0920b57254210866a89aa705291b452a31df48/command-line-length.patch",
      "SPDXID": "SPDXRef-file-12",
      "checksums": [
        {
          "algorithm": "SHA256",
          "checksumValue": "a1935f6eb38f49e424eaf5dd13b31f0ef46a30f531f9d7e149aac344051a1cbb"
        }
      ],
      "licenseConcluded": "NOASSERTION",
      "copyrightText": "NOASSERTION"
    },
    {
      "fileName": ".//home/thomas/.cache/vcpkg/registries/git-trees/2c0920b57254210866a89aa705291b452a31df48/script-prefix.patch",
      "SPDXID": "SPDXRef-file-13",
      "checksums": [
        {
          "algorithm": "SHA256",
          "checksumValue": "a18b53acdea8180aa24c4abbe85c4269e4d092c6eba4f946d5feafa7ca2a163d"
        }
      ],
      "licenseConcluded": "NOASSERTION",
      "copyrightText": "NOASSERTION"
    },
    {
      "fileName": ".//home/thomas/.cache/vcpkg/registries/git-trees/2c0920b57254210866a89aa705291b452a31df48/asm-armcap.patch",
      "SPDXID": "SPDXRef-file-14",
      "checksums": [
        {
          "algorithm": "SHA256",
          "checksumValue": "aa8c092866283ca97c7b39664cb816c6f4f3e9df51a2b06ede1054187e75ca70"
        }
      ],
      "licenseConcluded": "NOASSERTION",
      "copyrightText": "NOASSERTION"
    },
    {
      "fileName": ".//home/thomas/.cache/vcpkg/registries/git-trees/2c0920b57254210866a89aa705291b452a31df48/windows/install-pdbs.patch",
      "SPDXID": "SPDXRef-file-15",
      "checksums": [
        {
          "algorithm": "SHA256",
          "checksumValue": "e913fdc775b5e7be3eb71bfc223d51c3d8fd7e933410493efdbc53c5a1e1f3b7"
        }
      ],
      "licenseConcluded": "NOASSERTION",
      "copyrightText": "NOASSERTION"
    },
    {
      "fileName": ".//home/thomas/.cache/vcpkg/registries/git-trees/2c0920b57254210866a89aa705291b452a31df48/windows/install-layout.patch",
      "SPDXID": "SPDXRef-file-16",
      "checksums": [
        {
          "algorithm": "SHA256",
          "checksumValue": "06bf9d3f9d78a99d6472bd8a63442065a90cf413af5c4e2946348bece1ce50f2"
        }
      ],
      "licenseConcluded": "NOASSERTION",
      "copyrightText": "NOASSERTION"
    },
    {
      "fileName": ".//home/thomas/.cache/vcpkg/registries/git-trees/2c0920b57254210866a89aa705291b452a31df48/windows/portfile.cmake",
      "SPDXID": "SPDXRef-file-17",
      "checksums": [
        {
          "algorithm": "SHA256",
          "checksumValue": "7f262ffb0219b3a0e2db7b172bec9ccad299898ac934f8de1e449fb749052582"
        }
      ],
      "licenseConcluded": "NOASSERTION",
      "copyrightText": "NOASSERTION"
    },
    {
      "fileName": ".//home/thomas/.cache/vcpkg/registries/git-trees/2c0920b57254210866a89aa705291b452a31df48/vcpkg.json",
      "SPDXID": "SPDXRef-file-18",
      "checksums": [
        {
          "algorithm": "SHA256",
          "checksumValue": "2f00856357310bbf19bc54e37ebe04489aa26beff55054e1686da7ee9074574d"
        }
      ],
      "licenseConcluded": "NOASSERTION",
      "copyrightText": "NOASSERTION"
    },
    {
      "fileName": ".//home/thomas/.cache/vcpkg/registries/git-trees/2c0920b57254210866a89aa705291b452a31df48/openssl.pc.in",
      "SPDXID": "SPDXRef-file-19",
      "checksums": [
        {
          "algorithm": "SHA256",
          "checksumValue": "add49223f08228831ced1bc35fc2c56a4ab0fe9741e1fb2bdc86c6d3da4b326a"
        }
      ],
      "licenseConcluded": "NOASSERTION",
      "copyrightText": "NOASSERTION"
    }
  ]
}
